slug,name,brand,category,price_usd,compare_at_usd,rating,reviews,blurb,details,badge,art_kind,hue,image_prompt,options
coventry-chronograph-41,Coventry Chronograph 41,Castell Row,accessories,199.99,244.99,4.6,214,"A clean, everyday chronograph that reads as a far pricier watch.","41mm brushed stainless steel case, sapphire-coated crystal | Japanese quartz movement, date window at 3 o'clock | Italian leather strap, quick-release spring bars | Water resistant to 50m; 2-year battery life",Staff pick,watch,220,"A minimalist round stainless steel chronograph watch with a deep navy dial, silver sub-dials, and a tan leather strap, viewed from a straight-on three-quarter angle.",
scalp-revival-drops,Scalp Revival Drops,Sage Theory,beauty,28.00,,4.6,342,A cooling scalp oil that calms tight roots and preps hair for healthier regrowth.,"1.7 fl oz / 50 mL amber glass dropper bottle | Blend of rosemary leaf extract, niacinamide, and jojoba oil | Lightweight, non-greasy formula for daily use | Free from sulfates, parabens, and synthetic fragrance",,bottle,35,"A slender amber glass dropper bottle with a matte black cap, filled with pale golden oil, cylindrical body, photographed at a slight angle.",
holloway-stoneware-carafe,Holloway Stoneware Carafe,Morrow Ceramics,home,44.00,,4.6,328,"A quiet, hand-finished stoneware carafe that makes tap water feel like a table-setting decision.","Food-safe stoneware, glazed inside and out | Holds 1.2 L; fits standard fridge door | Dishwasher and microwave safe | Available in cream, sage, and terracotta",,bottle,32,"Matte cream stoneware carafe with a narrow cylindrical neck, rounded body, and small loop handle; minimalist silhouette, straight-on product view.",
precision-mug-12oz,Precision Mug 12oz,HeatCycle,home,89.50,119.99,4.5,843,Keeps coffee or tea at your chosen temperature for up to two hours.,"12 oz stainless steel interior | Integrated touch display | App presets for your usual drinks | 2 hour battery on the mug, charging coaster included",,mug,25,"A slender ceramic smart mug in matte white with a small LED temperature strip near its base, minimal shape, side profile view",
tidewell-stoneware-bottle,Tidewell Stoneware Bottle,Morrow Ceramics,home,48.00,,4.7,214,"A generous pour for the table, shaped to sit comfortably in hand.",1.5L capacity | Glazed stoneware | Dishwasher safe | H 24cm x W 14cm,,plant,210,"A tall rounded stoneware carafe with a narrow neck and small ceramic stopper, speckled matte grey glaze, soft organic silhouette, front view.",
fermented-rice-cleansing-oil,Fermented Rice Cleansing Oil,Sage Theory,beauty,24.00,30.00,4.8,2150,"A silky oil that melts makeup and rinses clean, leaving skin soft and balanced.",Fermented rice water and jojoba ester base. | Dissolves waterproof makeup and SPF instantly. | Emulsifies into a milky lather with water. | 200ml / 6.7 fl oz recyclable pump bottle.,Bestseller,mug,30,"A frosted glass pump bottle with pale amber oil, minimalist blank label, cylindrical silhouette, angled view.",
reversible-ripstop-puffer,Reversible Ripstop Puffer,Brevik,fashion,154.99,189.99,4.6,432,A city-ready puffer that flips between matte and sheen without missing a step.,"Shell: 100% recycled ripstop nylon | Fill: 650-fill recycled down | Two-tone reversible design | Machine washable, hang to dry",,jacket,145,"Puffy quilted jacket in deep sage green with matte ripstop fabric, black zippers, high collar, boxy cropped fit, front view.",Size: XS | S | M | L | XL
seabulk-40l-duffel,SeaBulk 40L Duffel,Dryward,accessories,98.50,,4.6,630,"Weld-sealed and roll-top tight, this forty-liter duffel treats river crossings like minor events.","40L roll-top closure, IP67 rating | Welded TPU-coated nylon shell | Removable shoulder strap, top carry handle | Rated to 30 lbs submerged",,lamp,200,"A deep blue roll-top duffel bag with black welded seams, orange compression buckles, cylindrical body shape, side view.",
winterton-parka,Winterton Parka,Northbranch,fashion,314.99,384.99,4.8,1250,A waterproof shell with synthetic fill that shrugs off wet snow and city slush equally.,"3-layer waterproof/breathable nylon | 80g synthetic insulation | Helmet-compatible hood, pit zips | 17 oz, packs into right pocket",,lamp,320,"A longline dark slate parka with a two-way front zipper, adjustable cuffs, chest pocket, standing collar, front view.",Size: XS | S | M | L | XL
cashmere-crewneck-sweater,Cashmere Crewneck Sweater,Castell Row,fashion,129.99,169.99,4.8,1243,A weekend-weight cashmere crewneck that holds its shape wash after wash.,"100% Grade-A Mongolian cashmere | 12-gauge knit, 7-ply construction | Ribbed collar, cuffs, and hem | Hand-wash cold, dry flat",Bestseller,camera,210,"Crewneck sweater in heather grey cashmere, relaxed fit, ribbed collar and cuffs, folded flat, front view, soft knit texture visible.",Size: XS | S | M | L | XL
selvedge-slim-denim,Selvedge Slim Denim,Brevik,fashion,104.99,,4.6,892,Raw selvedge denim that breaks in to fit only you.,"14.5oz Japanese selvedge denim | Slim tapered fit | Copper hardware, hidden rivets | Sanforized, minimal shrink",,camera,220,"Pair of slim-fit jeans in dark indigo selvedge denim, straight legs, copper buttons and rivets, folded at waist, front and back view.",Waist: 28 | 30 | 32 | 34 | 36 | 38
peak-chelsea-boot,Peak Chelsea Boot,Brevik,fashion,169.99,,4.7,689,Hand-finished chelsea boots in pull-up leather that ages like a diary.,"Full-grain pull-up leather | Goodyear-welted construction | Elastic side gores, pull tabs | Leather stacked heel",Staff pick,camera,20,"Pair of chelsea boots in chestnut brown pull-up leather, elastic side panels, stacked leather heel, side profile view.",EU size: 37 | 38 | 39 | 40 | 41 | 42 | 43 | 44 | 45
foulard-silk-scarf,Foulard Silk Scarf,Aurée,accessories,68.00,,4.4,213,A 90cm silk twill scarf printed with a faded botanical pattern.,"100% silk twill, 90cm square | Hand-rolled hem | Heritage botanical print | Dry clean only",,camera,280,"Square silk twill scarf in deep plum with faded botanical leaf pattern, hand-rolled edges, folded diagonally.",
belgrave-trench-coat,Belgrave Trench Coat,Castell Row,fashion,274.99,344.99,4.8,371,A storm-ready trench in water-repellent cotton gabardine.,"100% cotton gabardine, water-repellent | Removable wool lining | Horn buttons, belt with D-rings | Storm flap, epaulettes",,camera,45,"Classic trench coat in khaki cotton gabardine, double-breasted, belted waist, storm flaps, horn buttons, hanging flat, front view.",Size: XS | S | M | L | XL
hartley-wool-overcoat,Hartley Wool Overcoat,Castell Row,fashion,289.00,359.00,4.9,156,A structured wool overcoat cut for layering over a suit or sweater.,"70% wool, 30% recycled polyester | Fully lined | Notch lapels, flap pockets | Two-button front closure",New,camera,0,"Long wool overcoat in charcoal grey wool-cashmere blend, notch lapels, two-button front, flap pockets, front view, hanging.",Size: XS | S | M | L | XL
portside-espadrille,Portside Espadrille,Aurée,fashion,42.00,,4.1,634,Hand-stitched espadrilles with a woven jute sole for warm days.,Cotton canvas upper | Woven jute sole | Elastic gore for easy fit | Cushioned cotton insole,,camera,110,"Pair of espadrille shoes in mint green cotton canvas, woven jute midsole, elastic side gores, side view.",EU size: 37 | 38 | 39 | 40 | 41 | 42 | 43 | 44 | 45
wexford-cashmere-scarf,Wexford Cashmere Scarf,Brevik,accessories,79.99,,4.7,287,A double-faced cashmere scarf with a subtle herringbone weave.,"100% cashmere, double-faced | Herringbone weave | 30 x 180 cm | Hand-finished fringed ends",,camera,250,"Long rectangular scarf in navy cashmere with herringbone weave, fringed ends, folded in half lengthwise.",
classic-denim-jacket,Classic Denim Jacket,Castell Row,fashion,89.99,,4.5,754,A washed denim trucker jacket that looks broken-in from day one.,"12oz washed denim | Classic trucker silhouette | Button front, chest flap pockets | Adjustable side tabs",,camera,205,"Trucker denim jacket in medium indigo wash, button front, chest flap pockets, adjustable side tabs, front view.",Size: XS | S | M | L | XL
bomber-flight-jacket,Bomber Flight Jacket,Fjelde,fashion,204.99,264.99,4.6,428,A suede bomber with ribbed cuffs and a satin-quilted lining.,"Suede outer, satin-quilted lining | Ribbed collar, cuffs, hem | Two-way zip front | Interior chest pocket",Staff pick,camera,35,"Suede bomber jacket in mocha tan, ribbed collar cuffs and hem, two-way zip, satin quilted lining visible at collar, front view.",Size: XS | S | M | L | XL
sundrop-linen-dress,Sundrop Linen Dress,Aurée,fashion,94.99,,4.2,512,A breezy midi dress in washed linen with a shirred waist.,"100% European flax linen | Shirred waistband | Midi length, short puff sleeves | Side seam pockets",New,camera,55,"Midi dress in butter yellow washed linen, short puff sleeves, shirred waistband, side pockets, full length, front view.",Size: XS | S | M | L | XL
pebble-table-lamp,Pebble Table Lamp,Morrow Ceramics,home,89.00,,4.6,412,"A softly rounded table lamp that casts warm light without glare, perfect for bedside shelves.","Material: matte stoneware base with linen shade | Bulb: 15W LED included, 2700K warm white | Switch: inline dimmer on 6 ft cord | Dimensions: 14 in high, 9 in diameter",Bestseller,lamp,42,"A rounded matte stoneware table lamp with a soft oatmeal linen drum shade, compact proportions, front view, neutral beige tones.",
granite-dining-chair,Granite Dining Chair,Alder Works,home,169.99,224.99,4.8,1340,A solid oak dining chair with a curved seat and a stance that means business.,Material: FSC-certified solid oak | Finish: matte natural sealant | Seat height: 18 in | Capacity: 275 lb tested,,chair,30,"A sculptural solid oak dining chair with a curved molded seat, four slender straight legs, natural wood grain, three-quarter angle view.",
desert-bloom-potted-plant,Desert Bloom Potted Plant,Hearthly,home,36.50,,4.2,238,"A low-care succulent arrangement that looks like it's thriving, even when you forget it.",Contents: mixed echeveria and sedum in 4 in pot | Care: weekly misting or none | Pot: ceramic with drainage hole | Height: 8-10 in total,,plant,120,"A small cluster of green succulent rosettes in a plain terracotta ceramic pot, compact rounded shape, overhead view.",
emberwick-soy-candle,Emberwick Soy Candle,Fieldgrain,home,28.00,,4.9,3600,A wood-smoke and amber candle with a crackling wick and zero shame about it.,"Fragrance: smoked amber, cedar, dried tobacco | Wax: soy blend, 5 oz or 11 oz | Burn time: 25 or 55 hours | Wick: crackling wooden wick",Staff pick,candle,14,"A frosted glass candle jar with a warm amber wax interior, wooden lid, cylindrical shape, front view.",Size: 5 oz | 11 oz
ripple-glass-carafe,Ripple Glass Carafe,Cove Home,home,42.00,,4.4,186,A ridged glass carafe that makes tap water feel like a deliberate act of self-care.,Material: borosilicate glass | Capacity: 1 L | Cleaning: dishwasher safe | Includes: glass stopper,,bottle,200,"A clear ribbed glass carafe with a rounded body, narrow neck, and a glass stopper, minimalist silhouette, front view.",
ridged-glass-vase,Ridged Glass Vase,Fieldgrain,home,32.00,,4.3,94,Vertical ridges in this vase make even a single stem look thoroughly considered.,"Material: hand-blown glass | Height: 6, 10 or 14 in | Opening: 2 in wide | Care: hand wash",,bottle,220,"A clear hand-blown glass vase with vertical ridges, slightly flared top, narrow cylindrical shape, side view.",Height: 6 in | 10 in | 14 in
briar-bluetooth-speaker,Briar Bluetooth Speaker,Hearthly,home,84.99,104.99,4.1,520,A fabric-wrapped speaker with surprisingly warm bass for its almost absurdly compact size.,"Output: 20W, 360-degree sound | Battery: 12 hours at moderate volume | Connectivity: Bluetooth 5.3, AUX | Rating: IPX5 water resistant",,speaker,160,"A compact cylindrical Bluetooth speaker wrapped in grey woven fabric with a recessed top control dial, front angle view.",
flettner-floor-lamp,Flettner Floor Lamp,Alder Works,home,124.99,,4.7,640,A no-nonsense floor lamp with a weighted base and a shade that points where you need it.,Material: matte black steel | Shade: pivoting metal cone | Height: 62 in | Switch: foot pedal,,lamp,220,"A tall matte black steel floor lamp with an adjustable cone-shaped metal shade, slim pole, circular weighted base, side view.",
clasp-brass-pendant,Clasp Brass Pendant,Morrow Ceramics,home,239.99,314.99,4.8,83,"A double-rimmed brass pendant that brings a warm, focused pool of light to a table below.","Material: brushed brass | Diameter: 14 in | Socket: E26, 60W max | Suspension: 6 ft adjustable cord",New,lamp,50,"A round brushed brass pendant light with a double rim and open bottom, cylindrical shade, front angle view.",
staple-oak-stool,Staple Oak Stool,Belle Verre,home,95.00,,4.4,77,A small oak stool that doubles as a side table and never apologizes for either role.,"Material: solid white oak | Top: 12 in round | Height: 18, 24 or 30 in | Finish: matte oil wax",,chair,35,"A simple round oak stool with three slanted legs, natural matte finish, compact profile, side view.",Height: 18 in (low) | 24 in (counter) | 30 in (bar)
winslow-woven-storage-tote,Winslow Woven Storage Tote,Belle Verre,home,54.00,,4.6,1200,"A hand-woven seagrass storage tote with leather handles for tidy, textured hiding.",Material: natural seagrass | Handles: vegetable-tanned leather | Dimensions: 12 x 9 x 8 / 16 x 12 x 10 / 20 x 15 x 12 in | Lining: removable cotton duck,,tote,85,"A hand-woven seagrass storage tote with rounded rectangular shape, tan leather handles, open top, front view.",Size: Small | Medium | Large
aurelle-desktop-lamp,Aurelle Desktop Lamp,Aurelle,home,89.99,,4.5,340,A minimal LED desk lamp with adjustable color temperature and brightness.,"20W LED, 1000 lumens | Touch control dimming | Color temp 2700-6500K | USB-C power cable",New,bottle,55,"A minimalist desk lamp with a slim white arm, a circular LED head, and a weighted round base.",
cloud-barrier-moisturizer,Cloud Barrier Moisturizer,Sage Theory,beauty,42.00,52.00,4.8,3120,A weightless daily moisturizer that locks in hydration without clogging pores.,1.7 fl oz / 50 ml | Ceramide complex + squalane | Fragrance-free and non-comedogenic | Dermatologist tested,Bestseller,bottle,220,"Frosted glass pump bottle with rounded shoulders, soft ivory label, and a small window showing white cream at the bottom; 45-degree angle.",
glycolic-glow-toner,Glycolic Glow Toner,Ardent Flora,beauty,28.00,,4.5,942,A resurfacing toner with glycolic acid and aloe to smooth and brighten.,6.8 fl oz / 200 ml | 10% glycolic acid with aloe | pH balanced to 4.2 | Alcohol-free formula,,bottle,340,"Clear plastic bottle with pale pink liquid, minimalist white cap, and a sleek rectangular silhouette; front view.",
dewy-rosewater-face-mist,Dewy Rosewater Face Mist,Nereid Apothecary,beauty,18.00,,4.6,1876,"Mist on rosewater and glycerin for an instant, dewy refresh.",3.4 fl oz / 100 ml | Rose damascena water base | Glycerin for lightweight moisture | No artificial fragrance,,bottle,10,"Tall slim glass bottle with fine mist sprayer, blush pink liquid, and frosted white glass; full front view.",
black-tea-overnight-mask,Black Tea Overnight Mask,Sage Theory,beauty,55.00,,4.9,208,A rich overnight mask that supports skin's natural evening repair cycle.,2 oz glass jar | Fermented black tea extract | Shea butter and ceramides | Use 2-3 nights per week,,mug,30,Round frosted glass jar with dark tea-colored cream visible inside and a chunky black lid; three-quarter view.,
peptide-lip-treatment,Peptide Lip Treatment,Stave Cosmetics,beauty,16.00,,4.3,4520,"A cushiony lip treatment with peptides and ceramides, worn alone or under lip color.",0.5 fl oz / 15 ml | Peptide complex + ceramides | Subtle peppermint cooling | Cruelty-free,,bottle,350,Slim squeezable tube in soft rose gold with a narrow applicator tip and a matching cap; side view.,
mineral-sunscreen-spf-50,Mineral Sunscreen SPF 50,Lantern Skin,beauty,23.00,,4.4,1289,"A reef-friendly mineral sunscreen with a soft, non-cast finish.",2 fl oz / 60 ml | 20% zinc oxide | Reef-safe mineral filter | Blends without white cast,,bottle,180,"Compact white bottle with a coral pump top, smooth matte finish, and rounded square shape; front view.",
botanical-repair-hair-oil,Botanical Repair Hair Oil,Otto Botanics,beauty,34.00,,4.7,611,A fast-absorbing hair oil that smooths flyaways and seals split ends.,1.7 fl oz / 50 ml | Argan and jojoba oils | Lightweight non-greasy finish | Thermal protectant up to 230°C,,bottle,45,"Dark amber glass dropper bottle filled with golden oil, black rubber bulb, and slender cylindrical body; front view.",
jasmine-night-candle,Jasmine Night Candle,Maison Virelle,home,32.00,39.00,4.8,1502,"An evening candle with jasmine, sandalwood, and a whisper of amber.","8 oz / 227 g soy wax | Approx. 45-hour burn time | Cotton wick, hand-poured | Jasmine, sandalwood, amber",Staff pick,candle,290,"Ivory candle in a clear glass tumbler, smooth wax surface with embedded dried jasmine petals; straight-on side view.",
silk-slip-sleep-mask,Silk Slip Sleep Mask,Sollye,beauty,28.00,,4.5,2043,A mulberry silk sleep mask that blocks light without pressing on lashes.,"22-momme mulberry silk | Soft adjustable strap | Wire-free, no pressure on lashes | Includes mini lavender sachet",,sunglasses,260,"Mulberry silk sleep mask with a curved shape, adjustable black elastic strap, and subtle blush color; angled top view.",
halo-lighted-makeup-mirror,Halo Lighted Makeup Mirror,Sage Theory,beauty,89.00,,4.6,738,A tabletop mirror with adjustable color temperature and 10x magnification.,10-inch round mirror | 21 built-in LED bulbs | 3 color temperatures | USB-C rechargeable,New,lamp,200,Round metal makeup mirror in brushed gold with a built-in halo ring of LEDs and a foldable stand; front view.,
microcurrent-face-sculptor,Microcurrent Face Sculptor,Novalis Instruments,beauty,104.99,,4.2,315,A featherweight microcurrent device that tones and contours facial muscles.,"5-minute daily treatment | Two intensity levels | Ear clips for grounding | USB-C charging, 3-hour battery",,headphones,150,"Handheld microcurrent wand with twin metallic prongs, white ergonomic body, and two small chrome ear clips; three-quarter view.",
skin-scanning-beauty-camera,Skin-Scanning Beauty Camera,Petal Form,beauty,139.99,174.99,4.1,127,"A smart skin scanner that tracks hydration, pores, and fine lines over time.","5MP skin sensor | Tracks hydration, pores, lines | Companion app included | USB-C rechargeable",,camera,330,"Compact handheld beauty scanner shaped like a rounded camera, pearl white body with a small circular lens and soft-touch button; front view.",
vitamin-c-brightening-powder,Vitamin C Brightening Powder,Lantern Skin,beauty,26.00,,4.0,184,Stabilized vitamin C powder to mix into your favorite serum or moisturizer.,20 g amber jar | Pure L-ascorbic acid | Scoop included | Mix fresh with serum,,mug,60,"Small amber glass jar with white plastic cap, fine pale-yellow powder visible inside, and a small measuring spoon beside it; front view.",
firming-eye-contour-cream,Firming Eye Contour Cream,Nereid Apothecary,beauty,36.00,44.00,4.4,631,A cooling eye cream with caffeine and peptides to reduce puffiness.,0.5 fl oz / 15 ml | Caffeine + peptide complex | Metal-tip cooling applicator | Fragrance-free,,bottle,200,"Slim metallic tube with a metal-tip applicator, pearlized blue-gray body, and a small round cap; side view.",
rosy-lip-and-cheek-tint,Rosy Lip and Cheek Tint,Sollye,beauty,19.00,,4.2,2745,"A sheer, buildable tint for lips and cheeks with a healthy rosy flush.",0.3 fl oz / 10 ml | Aloe vera gel base | Sheer buildable color | Fragrance-free,,bottle,1,"Dropper bottle with clear glass, rosy red liquid, white rubber bulb, and minimal cylindrical shape; front view.",
kestrel-wall-sconce,Kestrel Wall Sconce,Alder Works,home,89.50,115.00,4.5,387,A sleek swing-arm sconce for focused light beside the sofa or reading chair.,Powder-coated steel arm; matte black | 9.5-in diameter linen shade | 3-way rotary switch; E26 socket | Includes 8 ft cord; hardwire-ready,,lamp,210,"A minimalist matte black wall sconce with a swivel arm and cylindrical cream linen shade, shown from the side, fully assembled. Product only, no background.",
washed-cotton-quilt-set,Washed Cotton Quilt Set,Threadbare Goods,home,89.99,109.99,4.6,842,"A breathable, matelassé-style quilt that reads as high design and sleeps cool.","100% washed cotton shell; poly fill | Full/Queen 92 x 96 in, King 108 x 96 in; 2 shams | Pre-washed for a soft, relaxed hand | Machine wash cold; tumble dry low",Staff pick,lamp,180,"A folded stack of three matelassé-textured quilts in dusty blue with a subtle trellis pattern, seen from the side. Product only, no background.",Bed size: Full/Queen | King
vervain-diffuser-reed-set,Vervain Diffuser Reed Set,Fieldgrain,home,42.00,,4.3,1290,"A clean, herbal scent with no flame or fuss, ready to unfurl across a hallway.","Vervain, white tea, and cedar notes | 6.7 fl oz; lasts up to 8 weeks | Amber glass bottle; rattan reeds included | Phthalate-free fragrance blend",,bottle,60,"A tall amber glass diffuser bottle with a silver collar and eight natural rattan reeds in a fan above the neck. Product only, no background.",
olive-wood-serving-board,Olive Wood Serving Board,Hearthly,home,54.00,,4.9,2075,"A sturdy acacia board with a juice groove for cheese, bread, or ambitious charcuterie.",Solid acacia wood; natural oil finish | 0.8 in thick; 3.4 lb at 16 x 10 in | Hand wash; oil periodically | Includes small metal handle,Bestseller,bottle,30,"A rectangular acacia wood serving board with a carved juice groove around the edge and a small metal side handle, top-down view. Product only, no background.",Size: 12 x 8 in | 16 x 10 in | 20 x 12 in
finch-crystal-wine-glasses-set-of-4,Finch Crystal Wine Glasses (Set of 4),Belle Verre,home,68.00,,4.4,3310,"Lightweight, lead-free crystal glasses that feel delicate but survive the dishwasher.","Lead-free crystal; 18.5-oz capacity | Set of 4; 9-in height, 3-in diameter | Thin rim; tapered bowl shape | Dishwasher safe; avoid extreme heat",,bottle,350,"A set of four transparent crystal wine glasses with tapered bowls and thin stems, clustered together in a row. Product only, no background.",
alder-oak-teapot-32oz,Alder & Oak Teapot 32oz,Alder Works,home,48.00,58.99,4.7,1630,A stovetop-safe teapot with a wide base for loose leaf and a drip-free spout.,"Enameled steel; 2.2 lb empty | 32-oz capacity; 7-in base diameter | Cool-touch phenolic knob | Compatible with gas, electric, induction",,bottle,170,"A glossy dark green enameled steel teapot with a crescent-shaped handle, short spout, and wooden knob, side profile view. Product only, no background.",
vellum-waxed-canvas-tablecloth,Vellum Waxed Canvas Tablecloth,Threadbare Goods,home,75.00,,4.2,645,"A waxed cotton cloth that sheds spills and crumbs, easing post-dinner cleanup.","14-oz waxed cotton canvas | 60 in wide; 84, 102 or 120 in long for 4 to 8 seats | Water-resistant; wipe clean with damp cloth | Finished hem; brass grommets at corners",New,bottle,40,"A folded stack of olive-green waxed canvas tablecloth with visible coarse weave and metal corner grommets, seen at an angle. Product only, no background.",Size: 60 x 84 in | 60 x 102 in | 60 x 120 in
groveside-armchair,Groveside Armchair,Cove Home,home,294.99,384.99,4.5,210,A compact accent chair with a high back that fits corners without sacrificing comfort.,Solid birch frame; kiln-dried | Performance polyester upholstery | 30.5 W x 32 D x 37 H in | Seat height 19 in; 220-lb capacity,,lamp,90,"A mid-century style armchair with a bentwood walnut frame and textured oat-beige woven fabric, seen from a 3/4 front angle. Product only, no background.",
haig-brass-table-lamp,Haig Brass Table Lamp,Aurelle,home,104.99,,4.8,1580,"A polished brass lamp with a drum shade, built to anchor a console or nightstand.",Solid brass base; hand-polished finish | 14-in diameter off-white linen shade | Rotary switch; 60-in cord | Accepts standard 60W A19 bulb,,lamp,50,"A polished brass table lamp with a cylindrical linen drum shade and a simple round base, shown straight on. Product only, no background.",
mirepoix-cast-iron-skillet-12-in,Mirepoix Cast Iron Skillet 12-in,HeatCycle,home,68.50,,4.9,4480,A pre-seasoned skillet that develops a better non-stick surface every time it's used.,12-in diameter; 8.2 lb | Pre-seasoned with vegetable oil | Oven safe to 550°F; stovetop compatible | Dishwasher safe after re-seasoning,Bestseller,bottle,220,"A bare cast iron skillet with a long handle, showing a slick black seasoned cooking surface and slightly flared sides, top-down view. Product only, no background.",
wellfleet-linen-throw,Wellfleet Linen Throw,Threadbare Goods,home,98.00,120.00,4.7,935,"An oversized, stonewashed linen blanket that softens more with every wash.",100% French flax linen; stonewashed | 50 x 70 in (2.1 lb) or 60 x 80 in (2.9 lb) | Relaxed slub texture; frayed trim | Machine wash cold; air dry recommended,,bottle,260,"A folded stonewashed linen throw blanket in a muted lavender tone with subtle slub texture and frayed edge, shown lying flat. Product only, no background.",Size: 50 x 70 in | 60 x 80 in
mercer-knife-set-5-piece,Mercer Knife Set 5-Piece,Dwell Standard,home,99.99,,4.6,1805,"A balanced, German-forged set that handles daily prep without taking over a drawer.","X50CrMoV15 German steel; full tang | Chef, Santoku, utility, paring, hone | Ergonomic black acacia handles | Gift-boxed; lifetime warranty",Staff pick,bottle,200,"A matched set of five knives with dark wooden handles and polished steel blades, laid in a row on a lined oak block, top-down view. Product only, no background.",
rookwood-ceramic-vase-trio,Rookwood Ceramic Vase Trio,Belle Verre,home,88.00,,4.4,560,Three graduated vases that work as a set or find separate homes around a shelf.,"Set of 3; heights 6, 8, 10 in | Matte basalt-gray stoneware | Water-tight; holds fresh stems | Wipe clean; no direct heat",,bottle,240,"Three matte dark-gray ceramic vases of different heights with rounded bodies and narrow necks, arranged in a line from small to tall. Product only, no background.",
cormorant-swing-arm-floor-lamp,Cormorant Swing Arm Floor Lamp,Aurelle,home,194.99,229.99,4.2,420,"A weighty, adjustable floor lamp that arcs over an armchair like a reading perch.",Powder-coated steel; brushed brass accents | Adjustable arm reach: 30-45 in | 17-in linen shade; 3-way rotary switch | Brass-tipped feet; 78-in cord,Limited,lamp,0,"A tiltable floor lamp with a matte black stem and brass joint details, a large cream linen shade at the top, and stabilized base, side profile. Product only, no background.",
painted-canyon-boxy-tee,Painted Canyon Boxy Tee,Trailvine,fashion,38.00,,4.4,412,A heavy cotton tee with a relaxed fit and a subtle sun-faded wash.,"100% organic cotton, 240 gsm | Boxy, cropped silhouette | Pre-washed to reduce shrinkage | Machine wash cold, tumble low",,jacket,20,"A boxy terracotta cotton t-shirt with short sleeves, a straight hem, and a loose drape, front view.",Size: XS | S | M | L | XL
alpine-fleece-half-zip,Alpine Fleece Half-Zip,Northbranch,fashion,88.00,110.00,4.7,1280,Midweight half-zip fleece with brushed warmth and a clean stand collar.,"Recycled polyester fleece, 280 gsm | High stand collar with half-zip | Zippered chest pocket | Machine washable, quick dry",Staff pick,jacket,210,"A heather blue half-zip fleece pullover with a stand collar and zippered chest pocket, front view.",Size: XS | S | M | L | XL
nocturne-silk-blouse,Nocturne Silk Blouse,Aurée,fashion,89.99,,4.3,167,Slip into a fluid silk blouse with a relaxed collar and shell buttons.,Washable silk satin | Relaxed collar with French seams | Pearlized shell buttons | Hip-length with side slits,,jacket,280,"A soft blush silk blouse with a relaxed collar, shell buttons, and side slits, front view.",Size: XS | S | M | L | XL
fjord-linen-camp-shirt,Fjord Linen Camp Shirt,Trailvine,fashion,72.00,,4.4,921,An open-weave linen camp shirt with a casual spread collar and chest pocket.,100% European linen | Camp collar and straight hem | Single patch chest pocket | Garment washed for softness,,jacket,150,"A sage green linen camp shirt with a spread collar, patch pocket, and straight hem, front view.",Size: XS | S | M | L | XL
arcadia-pleated-midi-skirt,Arcadia Pleated Midi Skirt,Aurée,fashion,84.99,,4.2,88,A swishy pleated midi skirt with a smooth waistband and fluid movement.,"Viscose twill with pleating | Elasticated back waistband | Midi length, 29 inches | Machine wash cold, line dry",New,jacket,35,"A butter-yellow pleated midi skirt with a smooth waistband and knife pleats, front view.",Size: XS | S | M | L | XL
moss-quilted-field-jacket,Moss Quilted Field Jacket,Brevik,fashion,139.99,,4.6,312,A lightly padded field jacket with a matte finish and four utility pockets.,"Cotton shell with recycled fill | Snap front and zip wind flap | Four utility pockets | Adjustable cuffs, machine washable",,jacket,90,"An olive green quilted field jacket with a matte cotton shell, four pockets, and snap front, front view.",Size: XS | S | M | L | XL
court-classic-leather-sneaker,Court Classic Leather Sneaker,Tenpace,fashion,99.99,119.99,4.8,2150,A clean leather court sneaker with a cup sole and minimalist understated lines.,"Full-grain leather upper | Cup sole with low-profile heel | Cotton laces and padded tongue | Wipe clean, spot treat",Bestseller,sneaker,0,"A clean white leather court sneaker with a cup sole, cotton laces, and minimal stitching, side view.",EU size: 37 | 38 | 39 | 40 | 41 | 42 | 43 | 44 | 45
marsh-suede-loafer,Marsh Suede Loafer,Wexford,fashion,114.99,,4.3,264,A slip-on suede loafer with a stitched moc toe and stacked leather heel.,Suede upper with leather lining | Moc toe and hand-stitched apron | Stacked leather heel | Blake stitched construction,,sneaker,220,"A navy suede loafer with a moc toe, hand-stitched apron, and stacked leather heel, side view.",EU size: 37 | 38 | 39 | 40 | 41 | 42 | 43 | 44 | 45
osprey-hiking-boot,Osprey Hiking Boot,Northbranch,fashion,159.99,,4.5,670,A supportive day-hiking boot with a grippy outsole and abrasion-resistant upper.,Nubuck and mesh upper | EVA midsole with shank | 4mm multi-directional lugs | Padded gaiter collar,,sneaker,140,"A moss green nubuck and mesh hiking boot with a thick lug sole and padded gaiter collar, side view.",EU size: 37 | 38 | 39 | 40 | 41 | 42 | 43 | 44 | 45
harbor-wool-peacoat,Harbor Wool Peacoat,Brevik,fashion,334.99,414.99,4.8,758,A double-breasted peacoat in dense wool with a classic notch lapel.,"Melton wool, 32 oz | Double-breasted anchor buttons | Flap pockets and inside welt pocket | Fully lined, dry clean",,jacket,220,"A deep navy melton wool peacoat with double-breasted anchor buttons, notch lapels, and flap pockets, front view.",Size: XS | S | M | L | XL
rainier-softshell-hoodie,Rainier Softshell Hoodie,Northbranch,fashion,74.99,,4.6,390,A stretchy softshell hoodie that blocks wind and shrugs off light rain.,"Three-layer softshell fabric | Adjustable drawcord hood | Zippered hand pockets | Articulated elbows, machine washable",,jacket,200,"A dark blue softshell hoodie with a drawcord hood, zippered hand pockets, and a front zipper, front view.",Size: XS | S | M | L | XL
slub-cotton-scoop-tee,Slub Cotton Scoop Tee,Loosecut,fashion,35.00,,4.0,1560,A soft slub cotton tee with a scoop neck and a slightly elongated hem.,"Slub cotton jersey | Ribbed scoop neckline | Elongated curved hem | Pre-washed, machine wash cold",,jacket,330,"A pale pink slub cotton t-shirt with a scoop neckline and curved hem, front view.",Size: XS | S | M | L | XL
ember-wool-wrap-dress,Ember Wool Wrap Dress,Aurée,fashion,119.99,,4.4,112,A tailored wrap dress in brushed wool with a tie waist and deep V neckline.,Brushed wool-blend | Wrap front with tie belt | Long sleeves and knee length | Dry clean recommended,,jacket,260,"A rust wool wrap dress with a tie waist, deep V neckline, long sleeves, and knee-length skirt, front view.",Size: XS | S | M | L | XL
aster-running-trainer,Aster Running Trainer,Tenpace,fashion,89.99,,4.5,2890,A responsive road running shoe with breathable mesh and a springy foam midsole.,"Engineered breathable mesh | Compression-molded foam midsole | Rubber outsole with flex grooves | Heel drop: 8mm, weight: 240g",,sneaker,260,"A purple and coral breathable mesh running trainer with a foam midsole and curved flex grooves, side view.",EU size: 37 | 38 | 39 | 40 | 41 | 42 | 43 | 44 | 45
tannery-leather-jacket,Tannery Leather Jacket,Hollis Leather,fashion,349.00,,4.7,124,A vegetable-tanned leather jacket with a streamlined silhouette and silver hardware.,Soft lamb leather | Asymmetric zip front | Four snap pockets | Fully lined with interior zip pocket,,jacket,20,"A tan vegetable-tanned leather jacket with an asymmetric zip front, snap pockets, and a streamlined fit, front view.",Size: XS | S | M | L | XL
cobble-dimmer-lamp,Cobble Dimmer Lamp,Aurelle,home,89.00,110.00,4.7,540,"A smooth, pebble-shaped lamp with a linen shade and a warm brass dimmer.","Ceramic base, linen shade | Rotary dimmer switch | Takes one E26 bulb, 60W max | Measures 16"" tall, 8"" diameter",Staff pick,plant,200,"A smooth pebble-shaped ceramic table lamp base in soft ivory, topped with a round linen shade, small brass dimmer on the cord, front view.",
slate-stacking-chair,Slate Stacking Chair,Fieldgrain,home,169.99,,4.4,180,"A solid oak chair with a sculpted seat and a low, angled backrest.","Solid oak frame, clear matte finish | Sculpted plywood seat | Stackable up to four high | Measures 30"" H x 18"" W x 20"" D",,plant,30,"A solid oak dining chair with a sculpted curved seat, low angled backrest, four tapered legs, natural wood grain, matte finish, side view.",
terracotta-faux-succulents,Terracotta Faux Succulents,Cove Home,home,35.00,,4.3,95,A low-maintenance faux succulent arrangement in a ridged terracotta pot.,"Faux echeveria and aloe mix | Ridged terracotta pot, 5"" diameter | No watering or sunlight needed | Measures 7"" tall overall",,plant,120,"A faux succulent arrangement with rosette echeveria and upright aloe leaves in a ridged terracotta pot, muted green and dusty purple tones, front view.",
clove-cedar-soy-candle,Clove & Cedar Soy Candle,Hearthly,home,24.00,30.00,4.8,3200,"A slow-burning soy candle with notes of smoked cedar, clove, and amber.","100% soy wax, cotton wick | Approx. 50 or 90-hour burn time | Hand-poured in a glass jar | 9 oz or 16 oz net weight",Bestseller,plant,20,"A clear glass jar candle with creamy soy wax, a single cotton wick, and a simple metal lid, warm amber-colored wax, front view.",Size: 9 oz | 16 oz
halcyon-anorak,Halcyon Anorak,Northbranch,fashion,94.99,129.99,4.6,412,A packable pullover anorak that shrugs off drizzle without looking like a raincoat.,2.5-layer recycled nylon ripstop shell | Adjustable three-panel hood | Two zippered hand pockets and a kangaroo pocket | Packs into its own left pocket,,tote,190,"Pullover anorak in soft sage green nylon ripstop with a boxy A-line silhouette, adjustable hood, front kangaroo pocket, three-quarter front view.",Size: XS | S | M | L | XL
shawl-collar-cardigan,Shawl-Collar Cardigan,Fjelde,fashion,84.99,,4.8,2380,A densely knit cardigan with a clean placket and a touch of structure.,"100% merino wool, 12-gauge knit | Corozo buttons | Ribbed collar, cuffs, and hem | Relaxed fit through the body",,tote,30,"Chunky merino wool cardigan in oatmeal beige with horn buttons, straight fit, ribbed trim, front button placket, front view.",Size: XS | S | M | L | XL
broadmoor-wide-leg-trousers,Broadmoor Wide-Leg Trousers,Wexford,fashion,98.50,,4.4,567,"High-rise trousers with a full, drapey leg that still holds a pressed crease.","Wool-polyester blend twill | High-rise, wide-leg silhouette | Side slant pockets and back welt pockets | Inseam lengths 29"", 31"", 33""",,tote,210,"High-rise wide-leg trousers in deep navy wool twill, full-length straight leg with center crease, side pockets, front view.",Size: XS | S | M | L | XL
vale-canvas-high-top,Vale Canvas High-Top,Loosecut,fashion,75.00,,4.5,3210,A clean high-top sneaker with a cotton canvas upper and a grippy gum sole.,Cotton canvas upper | Metal eyelets with cotton laces | Gum rubber outsole | Cushioned footbed,,tote,180,"A minimalist high-top sneaker in washed olive canvas with a smooth cream leather heel tab, tonal laces and a thin flat black rubber sole, no toe cap.",EU size: 37 | 38 | 39 | 40 | 41 | 42 | 43 | 44 | 45
sable-turtleneck,Sable Turtleneck,Fjelde,fashion,99.99,,4.9,1845,"A ribbed turtleneck with a close, comfortable fit and a fold-over collar.",Extra-fine merino wool | Ribbed-knit throughout | Fold-over turtleneck collar | Slim fit with natural stretch,Bestseller,tote,260,"Ribbed merino wool turtleneck in black, slim fit, fold-over collar, long sleeves, centered front view.",Size: XS | S | M | L | XL
larkspur-wrap-jumpsuit,Larkspur Wrap Jumpsuit,Aurée,fashion,124.99,,4.7,298,"A fluid wrap jumpsuit with a V-neck, tied waist, and cropped leg.",Viscose crepe with a soft drape | Wrap front with self-tie sash | Adjustable leg length with cuff | Concealed side zip,New,tote,330,"Wrap jumpsuit in dusty plum viscose crepe, V-neck, self-tie waist, cropped wide leg, front view.",Size: XS | S | M | L | XL
ivy-denim-a-line-skirt,Ivy Denim A-Line Skirt,Castell Row,fashion,79.00,,4.5,1432,A midi denim skirt with a gentle A-line flare and a classic five-pocket layout.,12 oz. indigo denim | Five-pocket styling | Button and zip fly | Midi length with a raw hem,,tote,220,"Midi denim skirt in medium indigo, A-line silhouette, five pockets, button fly, raw hem, front view.",Size: XS | S | M | L | XL
silk-cami,Silk Cami,Aurée,fashion,58.00,,4.0,234,A bias-cut silk camisole with adjustable straps and a delicate cowl neck.,100% mulberry silk | Bias-cut drape | Adjustable spaghetti straps | Cowl neckline with a low back,,tote,350,"Bias-cut silk camisole in blush pink, cowl neckline, adjustable thin straps, soft drape, front view.",Size: XS | S | M | L | XL
ridgeline-trail-sandal,Ridgeline Trail Sandal,Trailvine,fashion,85.00,105.00,4.3,876,A sturdy trail sandal with grippy tread and quick-drying webbing straps.,Woven nylon webbing straps | Ankle and forefoot adjusters | Cushioned EVA midsole | High-traction rubber outsole,,tote,160,"Trail sandal with olive green nylon webbing straps, black rubber sole, two adjustment buckles, cushioned footbed, side view.",EU size: 37 | 38 | 39 | 40 | 41 | 42 | 43 | 44 | 45
gentle-foam-gel-cleanser,Gentle Foam Gel Cleanser,Sage Theory,beauty,18.00,,4.6,2410,A low-foam daily wash that removes makeup and sweat without stripping.,Gel-to-foam texture | pH-balanced 5.5 | With green tea and glycerin | For all skin types,,bottle,220,"A clear pump bottle with pale green gel visible through the wall, rounded rectangular body, matte white pump, front angle.",
milky-rice-toner,Milky Rice Toner,Lantern Skin,beauty,22.00,28.00,4.7,1120,A nourishing toner that hydrates and preps skin with rice ceramides.,Lightweight milky lotion | Rice ceramides and sake extract | Alcohol-free | 200 ml bottle,,bottle,35,"An opaque frosted glass bottle with cream-colored milky toner, short cylindrical shape, minimal label, angled front view.",
bakuchiol-retinol-alternative,Bakuchiol Retinol Alternative,Sollye,beauty,32.00,,4.8,860,Gentle plant-based retinol alternative that smooths fine lines overnight.,Bakuchiol and squalane | Fragrance-free | 30 ml dropper bottle | Suitable for sensitive skin,Bestseller,bottle,25,"A slim amber glass dropper bottle with golden oil, tall rectangular profile, black dropper cap, centered frontal view.",
oat-milk-body-butter,Oat Milk Body Butter,Buttermilk,beauty,24.00,,4.5,2040,"Whipped oat milk and shea butter for dry, thirsty skin.",Oat kernel oil and shea butter | Whipped 72-hour moisture | Vegan formula | 8 fl oz jar,,mug,60,"A round frosted glass jar with creamy ivory body butter, wide mouth, silver lid, front angle.",
sea-salt-wave-spray,Sea Salt Wave Spray,Nereid Apothecary,beauty,16.00,20.00,4.2,1350,Beachy texture spray with sea minerals and kelp for lived-in waves.,Sea salt and kelp extract | Adds grit and volume | 200 ml spray bottle | No parabens,,bottle,200,"A tall clear spray bottle with pale blue liquid, fine mist nozzle, narrow waist, front elevation view.",
hydrating-hair-mask,Hydrating Hair Mask,Ardent Flora,beauty,28.00,,4.8,3100,Deep conditioning mask with murumuru butter and mango fruit extract.,"Murumuru butter and mango extract | For dry, damaged hair | 8 fl oz jar | Safe for color-treated hair",Staff pick,mug,70,"A wide frosted glass jar with pale yellow hair mask, cream-like texture, metal lid, direct front view.",
velvet-matte-lipstick,Velvet Matte Lipstick,Maison Virelle,beauty,24.00,,4.7,4200,"Rich, weightless lipstick with a blurring velvet finish.",Weightless cushion texture | Vitamin E and jojoba oil | Shade: Terracotta Nude | 0.12 oz bullet,,bottle,15,"A slim metallic rose-gold lipstick tube with a brownish nude bullet partially twisted up, cylindrical shape, front view.",
volumizing-root-powder,Volumizing Root Powder,Stave Cosmetics,beauty,22.00,,4.3,780,Mineral powder that instantly thickens hair at the roots.,Clay and silica blend | Adds volume and grip | 0.35 oz shaker bottle | Colorless formula,,bottle,250,"A small round powder shaker bottle with matte black body and metal cap, short cylinder shape, angled side view.",
gel-eyeliner-pen,Gel Eyeliner Pen,Petal Form,beauty,15.00,,4.1,960,Waterproof gel pen with a precise felt tip for sharp lines.,Waterproof up to 12 hours | Ultra-black pigment | Felt tip pen style | Ophthalmologist tested,,bottle,0,"A slim matte black eyeliner pen with a fine tip and minimal silver band, rounded edges, top-down side angle.",
eucalyptus-scented-shower-oil,Eucalyptus Scented Shower Oil,Lantern Skin,beauty,26.00,32.00,4.6,1500,A cleansing oil that turns into a milky wash with refreshing eucalyptus.,Eucalyptus and peppermint | Olive-derived cleansers | 250 ml pump bottle | Leaves skin soft,,bottle,190,"A clear pump bottle with pale green oil, tall rectangular shape, black pump, front view.",
pink-clay-detox-mask,Pink Clay Detox Mask,Buttermilk,beauty,21.00,,4.4,2300,Kaolin clay mask that draws out impurities without over-drying.,Pink kaolin clay and rose water | For oily and combination skin | 100 ml jar | Wash off after 10 minutes,,mug,330,"A small ceramic jar with pink clay mask, rounded pot shape, wooden lid, front view.",
rose-gold-facial-roller,Rose Gold Facial Roller,Novalis Instruments,beauty,34.00,42.00,4.8,540,Sculpting rose quartz roller for cooling facial massage.,Natural rose quartz stone | Smooth 360-degree rolling head | Stainless steel handle | Comes with cleaning cloth,,watch,340,"A natural rose quartz facial roller with stainless steel handle, smooth stone head, side angle.",
phytoactive-hair-perfume,Phytoactive Hair Perfume,Maison Virelle,beauty,48.00,,4.5,230,A feather-light fragrance mist for hair with orange blossom and cedar.,Orange blossom and cedar | Alcohol-free mist | 50 ml glass bottle | Adds subtle shine,,bottle,20,"A tall rectangular glass perfume bottle with pale amber liquid, gold collar and atomizer, front view.",
ashwick-weekender-38,Ashwick Weekender 38,Castell Row,accessories,204.99,249.99,4.7,340,A roomy waxed-canvas weekender with a dedicated shoe compartment and solid brass hardware.,"Waxed 18oz canvas with full-grain leather trim | 35L capacity – fits 2–3 days of clothing | Interior zip pocket and padded 15"" laptop sleeve | Solid brass feet and leather carry handle",,lamp,210,"A large waxed-canvas and leather weekender duffel bag with brass hardware, standing upright, top handles down, side shoe compartment, deep navy canvas, brown leather trim, front view.",
solaris-aviator-sunglasses,Solaris Aviator Sunglasses,Brevik,accessories,89.00,,4.5,210,Polarised acetate aviators with copper lenses and a comfortable keyhole bridge.,"Polarised CR-39 lenses, UV400 protection | Hand-polished cellulose acetate frame | Five-barrel hinges with nickel-silver core | Includes leather hard case and microfibre cloth",,lamp,40,"A pair of aviator sunglasses with a gold-tone metal frame and dark copper polarised lenses, teardrop shape, folded temples, front view.",
stratford-automatic-39,Stratford Automatic 39,Castell Row,accessories,339.99,404.99,4.9,85,A self-winding dress watch with a deep navy dial and sapphire crystal.,"Swiss automatic movement, 41h power reserve | 39mm brushed steel case, 100m water resistance | Sapphire crystal with anti-reflective coating | Italian leather strap with quick-release pins",Bestseller,lamp,220,"A men's automatic dress watch with a navy blue sunburst dial, steel case and bracelet, slim bezel, date window at 3 o'clock, polished links, three-quarter view.",
borealis-bucket-hat,Borealis Bucket Hat,Fjelde,accessories,38.00,,4.3,450,A packable cotton-linen bucket hat with a structured brim and chin loop.,"50% cotton, 50% linen twill | Reinforced brim holds shape | Interior sweatband and adjustable toggle | Folds flat for easy packing",,lamp,70,"A bucket hat in olive cotton-linen twill with a structured brim, a small leather chin loop, no visible logo, soft relaxed crown, tilted on its side.",Size: S/M | L/XL
thruway-crossbody-sling,Thruway Crossbody Sling,Dryward,accessories,74.99,,4.6,680,A lightweight sling bag with a hidden anti-theft pocket on the back panel.,"Water-repellent recycled nylon ripstop | 4L capacity – fits a tablet up to 11"" | YKK AquaGuard zippers | Adjustable webbing strap with whistle d-ring",New,lamp,200,"A compact crossbody sling bag in water-repellent black nylon with an adjustable webbing strap, curved silhouette, hidden back pocket, small front zip pocket, side view.",
dress-watch-36mm,Dress Watch 36mm,Castell Row,accessories,169.99,209.99,4.5,520,A minimal three-hand watch with a sunburst dial and mesh bracelet.,Japanese quartz movement | 36mm stainless steel case | Sapphire-coated mineral crystal | Quick-release steel mesh strap,,lamp,210,"A minimalist 36mm steel watch with a silver sunburst dial and a fine steel mesh bracelet, baton index hour markers, thin hands, front view.",
harborough-leather-backpack,Harborough Leather Backpack,Brevik,accessories,129.99,159.99,4.8,410,"A heritage-style backpack in honey-brown leather, built to outlast the commute.","Full-grain leather with brass zips | Fits a 15"" laptop in padded sleeve | Magnetic clip closure under flap | 13L capacity",Limited,lamp,30,"A heritage-style full-grain leather backpack in honey brown, brass buckles and zips, a front flap with two magnetic straps, top handle, stitched edges, three-quarter view.",
silverton-cuff-bracelet,Silverton Cuff Bracelet,Aurée,accessories,99.99,,4.9,62,A solid sterling silver cuff with a soft satin finish and an engraved edge.,"Sterling silver 925 | Approx. 6g weight | Satin finish, polished interior | Fits a 5.5–6.5"" wrist",,lamp,200,"A solid sterling silver cuff bracelet with a satin finish, narrow opening, rounded edges, a small engraved line near the opening, standing on its side.",
clifftop-round-sunglasses,Clifftop Round Sunglasses,Brevik,accessories,95.00,120.00,4.4,280,Retro round sunnies with a lightweight titanium frame and green lenses.,"Titanium frame, 12g | Green mineral glass lenses, UV400 | Adjustable silicone nose pads | Included microfibre pouch",,lamp,180,"Vintage round sunglasses with a thin titanium frame in matte black, green mineral glass lenses, thin temples with a slight downward curve, front view.",
camden-tote,Camden Tote,Dryward,accessories,119.99,,4.7,230,A structured tote in pebbled leather with a magnetic snap pocket.,"Pebbled cowhide leather | Magnetic closure, interior zip pocket | Fits a 16"" laptop | Stands upright on steel feet",,lamp,20,"A structured pebbled leather tote bag in cognac, flat top handles with a snap closure, interior pocket visible, steel feet at the base, standing upright, front view.",
wide-brim-sun-hat,Wide-Brim Sun Hat,Fjelde,accessories,59.00,,4.6,180,A wide-brim cotton sun hat with a UPF 50+ rating and packable crown.,100% cotton with UPF 50+ | 8 cm wide brim | Interior drawstring for a custom fit | Stuffs into a small pouch,,lamp,80,"A wide-brim sun hat in cream cotton, stitched brim edge, simple grosgrain band at the crown, soft packable crown, lying flat to show the brim.",
aurora-hoop-earrings,Aurora Hoop Earrings,Aurée,accessories,68.00,,4.8,340,Lightweight gold-vermeil hoops with a hinged closure for easy wear.,"18k gold-plated over brass | Hypoallergenic and nickel-free | Inner diameter 15, 20 or 30 mm | Click-hinge closure",,lamp,45,"A pair of 18k gold-plated hoop earrings with a shiny finish, thin circular hoops with a hinged closure, placed side by side, front view.",Diameter: 15 mm | 20 mm | 30 mm
cloud-lock-setting-mist,Cloud Lock Setting Mist,Sollye,beauty,26.00,,4.4,1120,Sets makeup for 12 hours without whitening or drying. Shake once before spraying.,100 ml / 3.4 fl oz | Aloe water and hyaluronic acid base | Suitable for sensitive skin | Recyclable glass bottle,New,speaker,218,"A clear glass spray bottle with a soft matte white cap, a thin silver misting nozzle, and a pale blue liquid visible inside. Slim silhouette, full front view.",
even-tone-azelaic-serum,Even-Tone Azelaic Serum,Ardent Flora,beauty,38.00,48.00,4.7,890,A 10% azelaic acid serum that visibly evens tone and calms redness in four weeks.,"30 ml / 1 fl oz | 10% azelaic acid, minimalists formula | Featherlight oil-free texture | Fragrance-free and non-comedogenic",Staff pick,bottle,25,"An amber glass dropper bottle with a black rubber bulb and sleek straight-sided body, a thin beige serum visible inside. Minimalist laboratory shape, front view.",
rose-quartz-gua-sha-stone,Rose Quartz Gua Sha Stone,Sage Theory,beauty,22.00,,4.8,560,A sculpted rose quartz gua sha that drains puffiness and eases jaw tension.,Weight 90 g / 3.2 oz | 100% natural rose quartz | Heart-shaped with four working edges | Supplied in a linen drawstring pouch,Bestseller,bottle,344,"A single heart-shaped gua sha stone with a softly curved upper edge and a gentle point at the bottom, polished matte rose quartz with fine white veins. Front view.",
no-9-amber-vanilla-oil,No. 9 Amber Vanilla Oil,Maison Virelle,beauty,45.00,58.00,4.5,220,A warm amber-and-vanilla perfume oil that lasts six hours on skin.,"10 ml / 0.33 fl oz rollerball | Notes of vanilla, amber, and sandalwood | Jojoba oil carrier, no alcohol | Pocket-friendly rolling applicator",,bottle,35,"A slim clear glass rollerball bottle with a brushed gold cap and a warm honey-colored oil inside, the golden oil visible against the glass. Tall narrow silhouette, front view.",
silk-shield-heat-spray,Silk Shield Heat Spray,Otto Botanics,beauty,18.00,,4.3,1320,"A thermal shield that protects hair up to 230°C, leaving a silent sheen.",150 ml / 5 fl oz | Argan oil and silk proteins | Heat protection up to 230°C | Works on wet or dry hair,,bottle,281,"A tall slender bottle with a soft lavender liquid, a matte lilac cap and a fine trigger mist nozzle. Streamlined silhouette, straight-on view.",
verve-six-piece-brush-set,Verve Six-Piece Brush Set,Stave Cosmetics,beauty,68.00,85.00,4.9,410,"Six precision synthetic brushes in a compact roll, from flat liner to full-volume base.",Includes 6 face and eye brushes | Ultra-soft synthetic bristles | Rose-gold ferrules and walnut handles | Fits in a leather-look roll case,,bottle,20,"A set of six makeup brushes lying side by side with walnut wood handles, rose-gold metal ferrules and dense black synthetic bristles. Brushes vary in size and shape, arranged horizontally.",
harlan-slim-bifold,Harlan Slim Bifold,Castell Row,accessories,89.00,,4.6,1284,A slim bifold that holds six cards and a folded note without bulging a pocket.,"Full-grain vegetable-tanned leather | Six card slots, two hidden sleeves | Fits US and UK banknotes unfolded | Measures 4.3 x 3.2 inches when closed",Bestseller,watch,20,"A slim bifold wallet in tan brown full-grain leather with stitched edges, compact rectangular shape, closed, viewed from above at a slight angle.",
gradient-aviator-ii,Gradient Aviator II,Aurée,accessories,99.99,129.99,4.4,890,Classic teardrop aviators with a softly smoked lens for everyday glare control.,"Nickel-silver frame, adjustable nose pads | Smoked grey polycarbonate lenses | 100% UV protection | Case and microfiber cloth included",,sunglasses,210,"Classic teardrop aviator sunglasses with a thin nickel-silver metal frame and grey smoked lenses, product view showing the front and one temple.",
carre-watch-38,Carré Watch 38,Castell Row,accessories,344.99,,4.8,412,A rectangular dress watch with hand-applied indices and a quiet quartz heart.,"38mm stainless steel case | Sapphire crystal, 5 ATM water resistance | Italian leather strap with quick-release | Japanese quartz movement",New,watch,40,"A rectangular dress watch with a silver stainless steel case, white dial, slim black leather strap, minimal indices, viewed straight on from the front.",
standwell-canvas-tote,Standwell Canvas Tote,Dryward,accessories,58.00,,4.5,2033,"A sturdy open tote that stands on its own, built from 18oz cotton duck.","18oz cotton canvas, reinforced base | Interior zippered pocket | Fits a 15-inch laptop | 24L capacity, 11-inch drop handles",Bestseller,tote,25,"A natural beige canvas tote bag with wide flat handles, open top, boxy rectangular body, thick stitching around the base and handles, front view.",
cordova-leather-cuff,Cordova Leather Cuff,Brevik,accessories,65.00,,4.3,156,A hand-burnished leather cuff that softens and darkens with daily wear.,"Full-grain cowhide, hand-dyed | Brass snap closure | Fits wrists 6.5 to 8 inches | 1.5-inch width",,watch,15,"A wide leather cuff bracelet in dark brown, slightly burnished, with a brass snap button, curved to fit a wrist, shown alone at a slight angle.",
vela-silk-twill-scarf,Vela Silk Twill Scarf,Aurée,accessories,84.99,104.99,4.7,645,"A 90cm silk twill square with a hand-rolled hem, printed in a subtle geometric pattern.",100% mulberry silk twill | Hand-rolled edges | 90cm x 90cm square | Dry clean only,Limited,mug,340,"A square silk scarf with a muted navy and rust geometric pattern, lightly draped to show the print, edges with a delicate rolled hem.",
sterling-chain-necklace,Sterling Chain Necklace,Aurée,accessories,124.99,,4.6,324,"A substantial curb chain in solid sterling silver, sized for daily layering.",Solid 925 sterling silver | Every length has a 2-inch extension | Lobster clasp closure | Weight 18g,,watch,0,"A shiny sterling silver curb chain necklace with evenly spaced oval links, a small lobster clasp, coiled loosely to show the links.",Length: 16 in | 18 in | 20 in | 22 in
fellside-knit-beanie,Fellside Knit Beanie,Fjelde,accessories,42.00,,4.4,1510,"A chunky ribbed beanie in undyed lambswool, warm without the itch.","100% lambswool, undyed | Ribbed knit, double-layer cuff | One size fits most | Hand wash cold",,mug,200,"A chunky ribbed knit beanie in natural undyed oatmeal lambswool, folded cuff, no decoration, shown from the side.",
aldgate-cardholder,Aldgate Cardholder,Castell Row,accessories,49.00,,4.5,761,A four-slot cardholder that slips into any pocket and disappears.,"Saffiano leather, embossed | Four card slots, center pocket | 2.8 x 3.8 x 0.2 inches | Available in black or cognac",,watch,30,"A small rectangular cardholder in black saffiano leather with a pebbled texture, four outer slots, shown at a slight angle closed.",
tern-round-sunglasses,Tern Round Sunglasses,Brevik,accessories,94.99,119.99,4.1,208,"Round metal frames with a hint of retro charm, made for broad daylight.","Stainless steel frame, matte black | Green mineral glass lenses | 100% UV protection | Hard case included",,sunglasses,120,"Round sunglasses with a matte black stainless steel frame and green lenses, thin temples, viewed from the front.",
olive-ash-watch-40,Olive & Ash Watch 40,Fjelde,accessories,264.99,314.99,4.7,189,"A field watch with a brushed case and olive nylon strap, ready for weekends.",40mm brushed stainless steel case | Swiss quartz movement | Nylon NATO strap | 100m water resistance,Bestseller,watch,90,"A field watch with a brushed steel case, black dial with white numerals, olive green nylon NATO strap, front view.",
straw-fedora,Straw Fedora,Aurée,accessories,95.00,120.00,4.2,410,"A breathable straw fedora with a grosgrain band, shaped for sun and style.",Natural woven straw | Grosgrain ribbon band | Brim width 2.75 inches | Adjustable inner band,,mug,50,"A natural straw fedora hat with a dark brown grosgrain band, slightly curved brim, creased crown, shown from the front.",Size: S/M | M/L | L/XL
monterey-travel-wallet,Monterey Travel Wallet,Dryward,accessories,75.00,,4.4,567,"A passport-sized wallet with a flap, card slots, and a lozenge coin pouch.","Full-grain leather exterior | Six card slots, two bill sleeves | Fits passport and boarding pass | RFID-blocking lining",,watch,40,"A brown leather travel wallet with a flap closure, stitched border, opened to show card slots, with a zippered coin pouch on one side.",
bridger-leather-bracelet,Bridger Leather Bracelet,Brevik,accessories,55.00,,4.0,89,"A braided leather bracelet with a matte black clasp, rugged but neat.","Braided full-grain leather | Matte black metal clasp | Sized to your wrist, 6.5 to 8 inches | Water-resistant finish",,watch,0,"A braided leather bracelet in dark brown with a matte black metal clasp, curved, shown alone on a plain surface.",Wrist: 6.5 in | 7 in | 7.5 in | 8 in
petal-hoop-earrings,Petal Hoop Earrings,Aurée,accessories,65.00,,4.6,275,"Hollow silver hoops with a subtle hammered finish, light enough for all day.","Sterling silver, hollow core | Hammered texture | 1, 1.5 or 2-inch diameter | Push-back closure",,watch,240,"A pair of sterling silver hoop earrings with a hammered texture, hollow, circular, shown together standing upright.",Diameter: 1 in | 1.5 in | 2 in
gale-city-umbrella,Gale City Umbrella,Dryward,accessories,78.00,,4.4,342,A compact city umbrella with a sturdy windproof frame and a smooth auto-open handle.,"Reinforced fiberglass shaft and ribs | Water-repellent polyester canopy | One-click auto-open handle | Folds to 12"" when closed; 38"" arc",,plant,210,"Compact folding umbrella in dark navy with a rounded canopy, silver fiberglass ribs, black plastic handle with a small thumb button, and a nylon storage sleeve.",
vionne-top-handle-bag,Vionne Top-Handle Bag,Vionne,accessories,395.00,,4.8,412,A structured top-handle bag with a clasp that closes with a very satisfying click.,"Smooth leather, microsuede lining | Gold-tone turn-lock clasp | Detachable shoulder strap | 10 x 7.5 x 4 in",Staff pick,tote,20,"A structured black calfskin top-handle handbag with a rounded top handle and a gold turn-lock clasp, three-quarter view.",Colour: Black | Oxblood | Cream
vionne-quilted-chain-bag,Vionne Quilted Chain Bag,Vionne,accessories,345.00,429.00,4.7,688,"Diamond-quilted leather on a sliding chain strap, for when the outfit needs a full stop.","Channel-quilted nappa leather | Chunky gold-tone chain strap | Magnetic flap, one inner pocket | 9.5 x 6 x 2.5 in",Bestseller,tote,340,A soft puffy shoulder bag in cream nappa leather with wide horizontal channel quilting and a chunky gold curb chain strap.,Colour: Cream | Black | Powder pink
luna-crescent-mini-bag,Luna Crescent Mini Bag,Vionne,accessories,204.99,,4.6,1840,"A small half-moon bag that fits your phone, a lipstick and exactly nothing else.",Grained cow leather | Adjustable crossbody strap | Top zip closure | 9 x 5 x 2 in,New,tote,30,A small crescent-shaped half-moon shoulder bag in butter-yellow grained leather with a slim strap.,Colour: Butter | Black | Chocolate
soft-bucket-bag,Soft Bucket Bag,Hollis Leather,accessories,294.99,,4.5,530,A slouchy leather bucket bag with a drawstring top that swallows a whole day.,"Vegetable-tanned leather | Drawstring closure, inner zip pouch | Adjustable shoulder strap | 11 x 10 x 7 in",,tote,25,A slouchy cognac leather bucket bag with a leather drawstring top and a single shoulder strap.,
gold-tennis-bracelet,Gold Tennis Bracelet,Oro Nove,accessories,299.00,,4.9,264,A continuous line of sparkle in gold vermeil. Loud without shouting.,18k gold vermeil over sterling silver | Lab-created white sapphires | Box clasp with safety latch | Hypoallergenic,Limited,watch,45,"A delicate yellow gold tennis bracelet lined with small round brilliant diamonds, laid in a gentle curve.",Wrist: 6.5 in | 7 in | 7.5 in
lab-diamond-studs,Lab Diamond Studs,Oro Nove,accessories,399.00,499.00,4.8,973,Half a carat of lab-grown sparkle in a four-prong setting that goes with everything.,"0.5 ct total lab-grown diamonds | 14k white gold, four-prong setting | Screw-back closure | IGI certified",,watch,210,"A pair of round brilliant diamond stud earrings in white gold four-prong settings, close-up.",
gold-dome-ring,Gold Dome Ring,Oro Nove,accessories,169.99,,4.6,1120,"A chunky, polished dome ring that makes every hand gesture look intentional.","18k gold vermeil over sterling silver | High-polish finish | Solid, not hollow | Hypoallergenic",,watch,45,"A chunky high-polish gold dome ring, rounded and thick, standing upright.",Size: 5 | 6 | 7 | 8 | 9
tidemark-300-diver,Tidemark 300 Diver,Tidemark,accessories,449.00,,4.8,356,"A 300m automatic dive watch with a ceramic bezel, built for a pool you may never visit.","41mm stainless steel case | Japanese automatic movement, 41h power reserve | Unidirectional bezel | Water resistant to 300m",Staff pick,watch,200,"A stainless steel automatic dive watch with a sunburst orange dial, black rotating bezel with minimal markers, on a black rubber strap.",
retro-runner-90,Retro Runner 90,Tenpace,fashion,114.99,,4.6,2410,A chunky 90s-style runner with enough sole to add an inch to every opinion.,Suede and mesh upper | Dual-density foam midsole | Rubber outsole | True to size,Bestseller,sneaker,30,"A chunky retro running sneaker in off-white, grey suede and a pop of forest green, thick layered sole, side profile.",EU size: 37 | 38 | 39 | 40 | 41 | 42 | 43 | 44 | 45
tenpace-x-nulo-high-top,Tenpace x Nulo High-Top,Tenpace,fashion,194.99,,4.9,612,A limited collab high-top in patchwork suede. Numbered. Gone when it's gone.,"Patchwork suede upper | Numbered insole, 1 of 2,000 | Vulcanised rubber sole | Two sets of laces",Limited,sneaker,15,"A patchwork suede high-top sneaker in rust, sand and olive panels, gum rubber sole, side profile.",EU size: 37 | 38 | 39 | 40 | 41 | 42 | 43 | 44 | 45
heavyweight-oversized-hoodie,Heavyweight Oversized Hoodie,Loosecut,fashion,74.99,,4.7,3020,A 500gsm hoodie with dropped shoulders and a hood that actually stays up.,"500gsm brushed cotton fleece | Dropped shoulder, boxy fit | Double-layer hood, no drawcords | Garment dyed",Bestseller,jacket,25,An oversized heavyweight hoodie in washed charcoal grey with dropped shoulders and a kangaroo pocket.,Size: XS | S | M | L | XL
cashmere-lounge-set,Cashmere Lounge Set,Aurée,fashion,294.99,364.99,4.8,486,A cashmere jumper and wide-leg trouser for staying in like it's an occasion.,100% Mongolian cashmere | Relaxed crew and wide-leg trouser | Ribbed cuffs and waistband | Hand wash or dry clean,,jacket,35,A matching oatmeal cashmere knit set: relaxed crewneck sweater and wide-leg knit trousers.,Size: XS | S | M | L | XL
shearling-aviator-jacket,Shearling Aviator Jacket,Hollis Leather,fashion,449.00,599.00,4.9,219,A shearling-style flight jacket with a collar big enough to hide in.,"Suede shell, faux-shearling lining | Buckled collar strap | Asymmetric zip front | Fully lined",Staff pick,jacket,25,"A brown shearling aviator jacket with a large cream fleece collar, buckle straps and zip front.",Size: XS | S | M | L | XL
figue-blanche-eau-de-parfum,Figue Blanche Eau de Parfum,Maison Virelle,beauty,129.99,,4.7,1380,"Green fig, white musk and a little cedar. People will ask.",100 mL / 3.4 fl oz | Eau de parfum concentration | Top: fig leaf; heart: iris; base: musk | Refillable glass bottle,Bestseller,bottle,90,A heavy rectangular clear glass perfume bottle with pale green liquid and a sculpted cream stone-like cap.,
oud-nocturne-extrait,Oud Nocturne Extrait,Atelier Saffra,beauty,224.99,,4.8,402,A dark oud and saffron extrait. Two sprays is plenty. Three is a statement.,"50 mL / 1.7 fl oz | Extrait de parfum, 30% concentration | Oud, saffron, rose, leather | Hand-finished bottle",Limited,bottle,15,"A faceted dark amber glass perfume bottle with a heavy gold cap, deep brown liquid inside.",
airform-multi-styler,AirForm Multi-Styler,Novalis Instruments,beauty,349.99,419.99,4.7,2890,"Curls, waves, smooths and dries with air instead of scorching heat.","Six attachments, including 1.2 in and 1.6 in barrels | Three heat and airflow settings | Cool shot button | Storage case included",Bestseller,bottle,330,"A slim cordless hair styling wand in matte sand beige with a brushed gold ring, with two round brush attachments laid next to it.",
lumaglow-led-face-mask,LumaGlow LED Face Mask,Clarion Labs,beauty,264.99,,4.4,1105,"Red and near-infrared light, ten minutes a day, and you look like a sci-fi extra.",Red 630nm and near-infrared 830nm LEDs | 10-minute auto-off sessions | Flexible silicone mask | USB-C rechargeable,New,bottle,0,"A flexible white silicone LED face mask with eye openings, inner red LEDs faintly glowing.",
regenerante-night-cream,Régénérante Night Cream,Maison Virelle,beauty,204.99,,4.6,764,"A rich, slow-melting night cream in a jar heavy enough to be a doorstop.",50 mL / 1.7 fl oz | Ferment of sea kelp and ceramides | For dry and mature skin | Refillable glass jar,,bottle,200,"A heavy frosted pale-blue glass cream jar with a wide silver lid, slightly open to show thick white cream.",
tallboy-40oz-tumbler,Tallboy 40oz Tumbler,Tallboy,home,45.00,,4.8,5920,A 40oz tumbler with a handle and straw that keeps ice until tomorrow afternoon.,"Double-wall vacuum insulated steel | Fits car cup holders | Handle, lid and reusable straw | Ice for 40 hours",Bestseller,mug,330,"A 40oz stainless steel tumbler with a side handle, flip lid and straw, powder-coated in soft pink.",Colour: Blush | Sage | Cream | Black
ferro-lounge-chair,Ferro Lounge Chair,Studio Ferro,home,479.00,,4.9,187,A low bouclé lounge chair on a curved steel frame. Sitting in it counts as a hobby.,Bouclé upholstery | Bent tubular steel frame | High-resilience foam seat | W 31 x D 33 x H 28 in,Staff pick,chair,40,A low sculptural lounge chair upholstered in cream bouclé with rounded cushions on a chrome tubular steel frame.,
mushroom-glass-lamp,Mushroom Glass Lamp,Lumo Glass,home,179.99,,4.7,1340,A mouth-blown mushroom lamp that makes any shelf look like it's been styled.,"Mouth-blown opal glass | Dimmable, E12 bulb included | Fabric cord with inline switch | H 13 in, shade 11 in",New,lamp,25,A mushroom-shaped table lamp in glossy amber-tinted glass with a domed shade and thick stem.,Colour: Amber | Opal white | Smoke
checkerboard-wool-rug,Checkerboard Wool Rug,Loomhaus,home,239.99,294.99,4.6,812,"A hand-tufted wool checkerboard rug in soft, lived-in colours.","100% New Zealand wool | Hand-tufted, cotton backing | Wavy checker pattern | Spot clean only",,chair,30,"A hand-tufted wool rug with a wavy checkerboard pattern in cream and muted terracotta, viewed from above at an angle.",Size: 5 x 8 ft | 6 x 9 ft | 8 x 10 ft
crema-pro-espresso-machine,Crema Pro Espresso Machine,Crema Nove,home,399.00,499.00,4.7,1605,"An espresso machine with a grinder, for people who now say 'extraction' casually.",PID temperature control | Built-in conical burr grinder | Steam wand for milk | 2 L water tank,Bestseller,mug,0,"A brushed stainless steel home espresso machine with a built-in grinder hopper, pressure gauge and portafilter.",
emberline-pizza-oven,Emberline Pizza Oven,Emberline,home,279.99,,4.6,940,A countertop oven that hits 750°F and turns Friday into a personality.,"Reaches 750°F in 20 minutes | 12 in cordierite stone | Electric, indoor-safe | Includes peel and turning tool",,lamp,20,A compact rounded countertop pizza oven in matte black with a wide front opening and a pizza stone inside.,
sonvik-anc-headphones,Sonvik ANC Headphones,Sonvik,tech,264.99,299.99,4.7,4120,Noise cancelling good enough that you'll miss your stop. Twice.,"Adaptive active noise cancelling | 40-hour battery, USB-C fast charge | Multipoint Bluetooth 5.4 | Folding memory-foam ear cups",Bestseller,headphones,35,Over-ear wireless headphones in matte sand beige with soft cushioned ear cups and a slim padded headband.,Colour: Sand | Black | Silver
sonvik-buds-pro,Sonvik Buds Pro,Sonvik,tech,174.99,,4.6,5210,Tiny earbuds with big noise cancelling and a case that snaps shut like a compact.,"Active noise cancelling, transparency mode | 8h buds, 32h with case | Wireless charging case | IPX4 sweat resistant",,headphones,210,"A pair of wireless earbuds with small round matte-black stems-free pebble shape, beside an oval charging case in matte forest green with the lid open.",
sonvik-party-speaker,Sonvik Party Speaker,Sonvik,tech,139.99,,4.5,1880,"A waterproof speaker with a strap, lights, and no concern for your neighbours.","360° sound, 40W | IP67 waterproof, floats | 20-hour battery | Pairs with a second speaker",,speaker,190,A cylindrical portable Bluetooth speaker in teal fabric with a carry strap and a subtle ring light at the base.,
groove-belt-drive-turntable,Groove Belt-Drive Turntable,Sonvik,tech,244.99,,4.7,690,"A walnut turntable with a built-in preamp, so the record collection finally has a reason.","Belt drive, 33 and 45 rpm | Built-in switchable phono preamp | Pre-mounted cartridge | Solid walnut plinth",Staff pick,speaker,30,"A walnut wood record turntable with a black platter, silver tonearm and clear dust cover lifted.",
ninebit-gaming-headset,Ninebit Gaming Headset,Ninebit,tech,109.99,,4.5,2230,A wireless headset with a flip-to-mute mic and very forgiving ear cushions.,Low-latency 2.4GHz wireless | Detachable flip-to-mute mic | 30-hour battery | Works with PC and consoles,,headphones,270,A wireless gaming headset in matte white with a flip-up boom microphone and plush grey ear cushions.,
kallo-watch-3,Kallo Watch 3,Kallo,tech,299.99,,4.6,3380,"A smartwatch that tracks sleep, heart rate and how many times you check it.","1.9 in AMOLED always-on display | GPS, heart rate, SpO2, ECG | 3-day battery | Swim-proof to 50m",New,watch,220,A round-faced smartwatch with a dark glass display and a slim brushed silver case on a woven coral-orange fabric strap.,Case: 41 mm | 45 mm
kallo-ring,Kallo Ring,Kallo,tech,209.99,,4.4,1190,A titanium fitness ring that tracks sleep without a wrist full of gadget.,"Titanium, 2.5mm thick | Sleep, heart rate, temperature | 7-day battery | Water resistant to 100m",,watch,45,"A smooth matte titanium smart ring in brushed gold tone, standing upright, sensor bumps visible on the inside.",Size: 6 | 7 | 8 | 9 | 10 | 11
kallo-frames-camera-glasses,Kallo Frames Camera Glasses,Kallo,tech,209.99,,4.3,870,Classic frames with a camera and open-ear speakers hidden in plain sight.,"12MP camera, 1080p video | Open-ear speakers, five mics | Charging case, 36h total | Prescription ready",New,sunglasses,0,A pair of glossy black thick-framed smart glasses with a tiny camera lens discreetly set in one corner of the frame.,
kallo-one-pro,Kallo One Pro,Kallo,tech,499.00,,4.7,2640,A phone with a camera bump you'll describe as 'impressive' to strangers.,6.5 in 120Hz OLED | Dual 50MP camera | 128GB storage | Aluminium frame,Bestseller,camera,240,"A smartphone seen from the back in matte lilac glass with a square camera island centred near the top holding two large lenses stacked vertically, slim rounded edges.",Storage: 256GB | 512GB | 1TB
kallo-tab-11,Kallo Tab 11,Kallo,tech,349.00,,4.6,1720,"An 11-inch tablet for drawing, streaming, and good intentions about reading.",11 in 120Hz display | 128GB storage | Stylus support | All-day battery,,keyboard,220,"A thin 11-inch tablet with slim bezels in space grey, propped on a folio stand with a stylus alongside.",Storage: 128GB | 256GB | 512GB
pageturn-e-reader,Pageturn E-Reader,Kallo,tech,124.99,,4.8,3960,A glare-free e-ink reader that weighs less than the book you aren't finishing.,7 in 300ppi e-ink display | Warm front light | Waterproof IPX8 | Weeks of battery,,keyboard,40,A slim e-reader with a matte e-ink screen and a soft sage green textured cover.,
linea-pen-display-16,Linea Pen Display 16,Strata,tech,279.99,,4.5,540,A 16-inch pen display that makes drawing on screen feel like drawing on paper.,"15.6 in laminated display | 8,192 levels of pressure | Battery-free pen | Adjustable stand",,keyboard,260,"A 16-inch drawing pen display tilted on a stand, with a slim stylus resting on the bezel.",
strata-air-14,Strata Air 14,Strata,tech,499.00,599.00,4.8,2105,"A 14-inch laptop that's light, quiet and lasts through a whole day of tabs.","14 in Full HD display | 8GB RAM, 256GB SSD | 12-hour battery | Aluminium lid, 2.9 lbs",Staff pick,keyboard,210,"A thin open aluminium laptop in silver with a backlit keyboard, seen from a three-quarter angle.",
keystead-75-mechanical-keyboard,Keystead 75 Mechanical Keyboard,Keystead,tech,119.99,,4.8,2870,A gasket-mounted 75% keyboard that sounds like rain on a window. Pleasant rain.,"Hot-swappable linear switches | Gasket mount, aluminium case | Wireless and USB-C | PBT keycaps",Bestseller,keyboard,30,"A compact 75% mechanical keyboard with cream and sage keycaps, a knob in the corner and an aluminium case.",
strata-view-27-4k-monitor,Strata View 27 4K Monitor,Strata,tech,329.00,,4.6,980,A 27-inch 4K monitor with colours accurate enough to start arguments.,27 in 4K IPS | USB-C with 65W charging | Height and tilt adjustable | Built-in speakers,,keyboard,220,"A slim-bezel 27-inch monitor on a minimal aluminium stand, screen off, three-quarter view.",
keystead-ergo-mouse,Keystead Ergo Mouse,Keystead,tech,99.00,,4.7,3450,"A sculpted mouse that your wrist will thank you for, eventually.","8K DPI sensor | Quiet clicks, MagSpeed scroll | 70-day battery | Connects to three devices",,keyboard,30,A sculpted ergonomic wireless mouse in graphite grey with a thumb rest and a metal scroll wheel.,
strata-4k-webcam,Strata 4K Webcam,Strata,tech,139.99,,4.5,760,A 4K webcam that makes video calls look like you own a lighting rig.,"4K at 30fps, 1080p at 60fps | Auto-framing and HDR | Dual noise-cancelling mics | Magnetic privacy cover",,camera,220,"A compact round 4K webcam in matte black clipped on a mount, lens facing forward.",
strata-2tb-portable-ssd,Strata 2TB Portable SSD,Strata,tech,89.99,,4.8,2320,Two terabytes in something the size of a cardholder.,"2TB, up to 2,000 MB/s | USB-C 3.2 Gen 2x2 | Drop resistant to 9 ft | Includes USB-C and USB-A cables",,keyboard,20,A small rectangular portable SSD in dark orange rubberised aluminium with a USB-C port and a lanyard loop.,
ninebit-console,Ninebit Console,Ninebit,tech,349.99,,4.8,6120,A 4K console with a fast SSD and a library you'll never finish.,"4K at 120fps, ray tracing | 1TB SSD | Wireless controller included | Plays physical and digital games",Bestseller,speaker,260,"A low, wide rectangular home video game console in matte sage green with softly rounded corners and a thin white light strip on the front, lying flat, with a matching sage wireless controller beside it.",
ninebit-go-handheld,Ninebit Go Handheld,Ninebit,tech,399.00,,4.6,2250,"A handheld gaming PC for playing your whole library on the sofa, or in bed.",7.4 in 90Hz OLED | 512GB SSD | Trackpads and back buttons | Docks to a TV,New,keyboard,280,A handheld gaming PC with a wide screen in the centre and grips with thumbsticks and buttons on both sides.,Storage: 512GB | 1TB
ninebit-pro-controller,Ninebit Pro Controller,Ninebit,tech,124.99,,4.5,1640,A pro controller with swappable sticks and paddles for people who say 'input lag'.,"Hall-effect sticks, no drift | Four remappable back paddles | Adjustable trigger stops | Wireless and wired",,keyboard,270,"A chunky wireless game controller in speckled terracotta orange with cream buttons, symmetrical thumbsticks and small paddles on the back.",
ninebit-horizon-vr,Ninebit Horizon VR,Ninebit,tech,349.99,,4.4,1310,"A standalone VR headset. No cables, no PC, lots of ducking in the living room.",4K+ mixed-reality displays | Full-colour passthrough | Hand and controller tracking | 128GB storage,,camera,220,"A standalone virtual reality headset in charcoal grey with a padded fabric halo strap and a smooth curved dark visor, two ring-shaped charcoal motion controllers beside it.",
ninebit-mini-retro-console,Ninebit Mini Retro Console,Ninebit,tech,89.00,,4.6,2780,A tiny console preloaded with 30 classics that are still better than most new games.,"30 built-in 16-bit games | Two wired controllers | HDMI, 720p output | Save anywhere",,keyboard,0,"A tiny cube-shaped retro game console in glossy cherry red with a single round power button, next to two small rounded cherry red and cream gamepads with short cables.",
okuda-m-ii-mirrorless-camera,Okuda M-II Mirrorless Camera,Okuda Optics,tech,499.00,599.00,4.9,480,A retro rangefinder-style mirrorless camera with dials for everything and apps for nothing.,"24MP APS-C sensor | Physical shutter, ISO and exposure dials | 4K video, flip screen | Includes 27mm f/2.8 pancake lens",Staff pick,camera,25,"A retro-style mirrorless camera with a silver top plate, black leatherette body, mechanical dials and a compact prime lens.",
okuda-snap-instant-camera,Okuda Snap Instant Camera,Okuda Optics,tech,84.99,,4.6,3910,An instant camera for party photos that come out a little wrong in a good way.,"Credit-card size prints | Auto exposure, selfie mirror | Built-in flash | Runs on AA batteries",,camera,190,"A rounded pebble-shaped instant film camera in matte coral with a large centred lens, a small square viewfinder on top and a print slot on the side.",Colour: Mint | Lilac | Cream
skyloft-action-cam-5,Skyloft Action Cam 5,Skyloft,tech,279.99,,4.6,1540,"A 5.3K action cam that's waterproof, stabilised and braver than you.",5.3K at 60fps | Horizon-lock stabilisation | Waterproof to 33 ft | Front and rear screens,,camera,200,"A small rugged cube-shaped action camera in black with a front screen and lens, on a mounting clip.",
skyloft-mini-drone,Skyloft Mini Drone,Skyloft,tech,399.00,,4.7,1220,"A 249g drone with a 4K camera and obstacle sensors, so it's harder to crash.","Under 249g, no licence needed in most regions | 4K/30fps camera | 31-minute flight time | Downward obstacle sensing",New,camera,210,A compact folding quadcopter drone in light grey with four propellers extended and a gimbal camera at the front.,
okuda-pocket-photo-printer,Okuda Pocket Photo Printer,Okuda Optics,tech,99.00,,4.5,1870,A phone-sized printer that turns your camera roll into fridge material.,Prints 2x3 in sticky-backed photos | Zink ink-free paper | Bluetooth app | Prints in 40 seconds,,camera,0,A small pocket photo printer in white with a freshly printed small landscape photo of mountains and a lake sticking out of its slot.,
brightlane-robot-vacuum,Brightlane Robot Vacuum,Brightlane,tech,349.00,449.00,4.6,2640,"A robot vacuum and mop that empties itself, so you can pretend you cleaned.","5,000 Pa suction | Self-emptying base | Lidar mapping, no-go zones | Mop pad included",Bestseller,speaker,0,A round white robot vacuum next to its tall self-emptying docking station.,
brightlane-home-speaker,Brightlane Home Speaker,Brightlane,tech,99.00,,4.4,3150,"A small smart speaker that plays music, sets timers and pretends not to listen.",Voice assistant built in | Room-filling 360° sound | Controls smart lights and plugs | Mic mute switch,,speaker,30,"A small smart speaker shaped like a short upright cylinder with a flat top, wrapped in mustard yellow knit fabric, with a walnut wood top panel.",Colour: Oatmeal | Charcoal
brightlane-smart-light-kit,Brightlane Smart Light Kit,Brightlane,tech,139.99,,4.6,2010,"Four colour bulbs and a hub, for when a room needs a mood as well as a function.","4 x E26 colour bulbs | 16 million colours | Hub, app and voice control | Sync to music and films",,lamp,280,"Four smart LED light bulbs glowing in different colours, violet, orange, teal and pink, arranged in a row with a small white hub.",
brightlane-video-doorbell,Brightlane Video Doorbell,Brightlane,tech,124.99,,4.4,1480,A 2K video doorbell that tells you it's a parcel before you get off the sofa.,"2K HDR video, head-to-toe view | Package detection | Two-way talk | Battery or wired",,camera,220,A slim rectangular smart video doorbell in black with a round camera at the top and a glowing button below.,
brightlane-air-purifier,Brightlane Air Purifier,Brightlane,tech,174.99,,4.6,1690,A quiet HEPA purifier that looks enough like a speaker that guests ask to connect.,True HEPA H13 filter | Covers rooms up to 750 sq ft | Air quality sensor and app | 24 dB sleep mode,,speaker,90,A cylindrical air purifier in white with a light grey fabric wrap and a small air quality light on top.,
velotta-s1-electric-scooter,Velotta S1 Electric Scooter,Velotta,tech,449.00,549.00,4.5,870,A folding e-scooter with a 20-mile range and a bell for the moral high ground.,20-mile range | Top speed 15.5 mph | 10 in pneumatic tyres | Folds in three seconds,,backpack,0,"A sleek folding electric scooter in matte black with a tall stem, handlebar display and pneumatic tyres, side view.",
lumen-mini-projector,Lumen Mini Projector,Strata,tech,314.99,,4.5,1260,"A 1080p projector the size of a soup can, for film nights on any wall.","1080p, 500 ANSI lumens | Autofocus and keystone | Built-in streaming apps | 2.5-hour battery",,speaker,20,A compact cylindrical portable projector in dark grey with a lens on the side and a leather carry strap.,
voltwell-magpack,Voltwell MagPack,Voltwell,tech,59.00,,4.5,4230,A magnetic power bank that clicks onto your phone and ends battery anxiety.,"5,000 mAh | Magnetic wireless charging | Built-in kickstand | USB-C passthrough",,keyboard,330,"A slim magnetic power bank in soft lavender with a fold-out kickstand, slightly angled.",Colour: Lavender | Black | White
voltwell-3-in-1-charging-stand,Voltwell 3-in-1 Charging Stand,Voltwell,tech,89.99,,4.6,1920,"One stand for phone, watch and earbuds, and one fewer cable on the nightstand.",15W magnetic phone charging | Fast watch charger | Earbud pad | Aluminium and soft-touch base,,keyboard,30,"A minimalist three-in-one wireless charging stand in brushed aluminium with a phone arm, a watch puck and a small pad.",
voltwell-tracker-tags-4-pack,Voltwell Tracker Tags (4-pack),Voltwell,tech,99.00,,4.5,3620,"Four little tags for keys, wallet, bag and the suitcase that's always last off.",Works with phone location networks | Loud built-in speaker | 1-year replaceable battery | Water resistant IP67,,keyboard,200,"Four small square tracker tags with rounded corners in bright colours (tangerine, cobalt, lime and pink), silicone finish, one attached to a key ring.",
brightlane-photo-frame,Brightlane Photo Frame,Brightlane,tech,124.99,,4.7,1100,A 10-inch digital frame your family can send photos to. They will. Constantly.,10.1 in HD matte display | Auto-brightness | Unlimited cloud storage | Wooden frame,,lamp,35,"A 10-inch digital photo frame with a light oak wooden border standing on a table, screen dark.",
kallo-sonic-toothbrush,Kallo Sonic Toothbrush,Kallo,tech,104.99,,4.6,2480,A sonic toothbrush with a pressure sensor and a travel case that charges it.,"62,000 movements per minute | Pressure sensor, five modes | Charging travel case | Four-week battery",,bottle,0,"A slim sonic electric toothbrush in matte black with a brush head, beside its cylindrical travel case.",Colour: Black | White | Pink
everyday-crew-socks-5-pack,Everyday Crew Socks (5-Pack),Snugly,fashion,14.00,20.00,4.7,5840,"Five matching pairs of soft ribbed socks, so the odd-sock drawer finally closes.","80% cotton, cushioned sole | Ribbed cuff that stays up | Five matching pairs per pack | Machine washable",Bestseller,sneaker,30,"Exactly five pairs of identical ribbed cotton crew socks, all the same soft oatmeal cream colour, each pair neatly folded and lined up side by side on a light wooden surface, shown from above. Only socks: not worn, no people, no legs, no feet.",Size: S/M | L/XL
ribbed-tank-top,Ribbed Tank Top,Snugly,fashion,12.00,,4.5,3210,A stretchy ribbed tank that goes under everything and over nothing.,"95% cotton, 5% elastane | Slim fit, scoop neck | Pre-shrunk | Machine washable",,jacket,0,A fitted white ribbed cotton tank top with a scoop neck.,Size: XS | S | M | L | XL
sunny-days-graphic-tee,Sunny Days Graphic Tee,Loosecut,fashion,18.00,25.00,4.6,2470,A boxy tee with a faded sun print that looks like a thrift-store find.,"100% cotton, 180gsm | Boxy fit, dropped shoulder | Vintage-wash print | Machine washable",,jacket,45,"A boxy washed-blue cotton t-shirt with a faded, simple smiling sun illustration printed on the chest, no text.",Size: XS | S | M | L | XL
seamless-comfort-bralette,Seamless Comfort Bralette,Snugly,fashion,16.00,,4.4,1980,A wire-free seamless bralette that feels like nothing at all.,"Seamless knit, no wires | Removable pads | Wide soft band | Machine washable",,jacket,20,"A seamless wire-free bralette in soft terracotta with wide straps, laid flat.",Size: XS | S | M | L | XL
cloud-slides,Cloud Slides,Tenpace,fashion,19.00,29.00,4.7,6120,Squishy platform slides that make every walk to the fridge feel supported.,One-piece EVA foam | Thick cushioned sole | Water friendly | Non-slip tread,Bestseller,sneaker,190,A pair of chunky soft foam slide sandals in pastel mint with a thick cushioned sole.,EU size: 36/37 | 38/39 | 40/41 | 42/43 | 44/45
cotton-boxer-briefs-3-pack,Cotton Boxer Briefs (3-Pack),Snugly,fashion,22.00,,4.6,2890,Three pairs of soft stretch-cotton briefs that stay put all day.,"95% cotton, 5% elastane | Soft brushed waistband | No-ride leg | Three colours per pack",,jacket,220,"Three pairs of boxer briefs in navy, heather grey and olive, neatly stacked.",Size: S | M | L | XL
knit-leg-warmers,Knit Leg Warmers,Fjelde,fashion,12.00,,4.5,870,Chunky knit leg warmers for ballet-core outfits and cold flats.,Acrylic-wool blend | Chunky rib knit | One size | Hand wash,New,sneaker,340,"A pair of chunky ribbed knit leg warmers in soft pink, slouched.",
fleece-lounge-shorts,Fleece Lounge Shorts,Loosecut,fashion,21.00,,4.6,1540,Soft fleece shorts with pockets deep enough for a phone and a snack.,Brushed cotton fleece | Elastic drawcord waist | Two deep side pockets | Relaxed fit,,jacket,25,"A pair of heather grey fleece lounge shorts with a drawcord waist, laid flat.",Size: XS | S | M | L | XL
claw-clip-set-4-pack,Claw Clip Set (4-Pack),Clipsy,accessories,9.00,14.00,4.8,7310,Four matte claw clips that hold a full head of hair without a headache.,"Matte acetate-look finish | Strong spring grip | Four sizes and colours | Rounded, snag-free teeth",Bestseller,tote,30,"Four matte claw hair clips in tortoiseshell, cream, sage and black, arranged in a row.",
satin-scrunchies-6-pack,Satin Scrunchies (6-Pack),Clipsy,accessories,12.00,,4.7,4150,Six silky scrunchies that won't leave a dent in your hair.,Satin-wrapped elastic | Crease-free hold | Six colours | Gentle on curls,,tote,330,"Six satin scrunchies in blush, champagne, black, sage, lilac and ivory, in a loose pile.",
cherry-charm-keychain,Cherry Charm Keychain,Clipsy,accessories,8.00,,4.6,2230,"A glossy cherry charm for your keys, bag or anything that feels too serious.",Enamel and gold-tone metal | Lobster clasp | 2.5 in long | Fits most bags and key rings,New,tote,0,A glossy enamel keychain charm shaped like a pair of red cherries on a gold-tone ring.,
everyday-canvas-tote,Everyday Canvas Tote,Dryward,accessories,15.00,,4.6,3890,"A plain, sturdy canvas tote for groceries, books and emotional support snacks.",12oz cotton canvas | Long shoulder handles | Inner slip pocket | 15 x 16 in,,tote,40,"A simple natural cotton canvas tote bag with long handles and a small inside pocket, standing upright.",Colour: Natural | Black | Sage
beaded-phone-charm,Beaded Phone Charm,Clipsy,accessories,10.00,,4.5,1640,A strand of colourful beads that makes your phone look like it has a personality.,Acrylic and glass beads | Universal phone strap loop | 7 in long | Several colourways,,tote,280,"A beaded phone charm strap with colourful round and star-shaped beads in pastel pink, purple and blue.",
gold-huggie-hoops,Gold Huggie Hoops,Oro Nove,accessories,18.00,24.00,4.7,3560,Tiny chunky hoops you'll forget you're wearing until someone compliments them.,18k gold plated stainless steel | Hinged closure | 12mm diameter | Tarnish resistant,,watch,45,A pair of small chunky gold huggie hoop earrings with a polished finish.,
washed-baseball-cap,Washed Baseball Cap,Loosecut,accessories,19.00,,4.6,2710,A faded cotton cap that looks like it's been to a few summers.,Washed cotton twill | Adjustable strap back | Curved brim | Unstructured crown,,tote,210,"A washed faded blue cotton baseball cap with a curved brim, no logo.",Colour: Faded blue | Khaki | Black
mini-crossbody-pouch,Mini Crossbody Pouch,Dryward,accessories,22.00,,4.5,1980,"A tiny nylon crossbody for your phone, keys and card, nothing more.",Water-resistant nylon | Adjustable strap | Front zip pocket | 7 x 5 in,,tote,90,A small nylon crossbody pouch in lime green with a black adjustable strap.,Colour: Lime | Black | Lilac
tinted-lip-oil,Tinted Lip Oil,Dewdrop,beauty,12.00,,4.7,6480,"A glossy, non-sticky lip oil with a hint of colour and a lot of shine.",0.14 fl oz / 4 mL | Jojoba and cherry oil | Non-sticky finish | Sheer tint,Bestseller,bottle,350,A small clear lip oil tube with a pink-tinted oil and a doe-foot applicator lying beside it.,Shade: Cherry | Rose | Clear
hydrocolloid-spot-patches,Hydrocolloid Spot Patches,Dewdrop,beauty,9.00,,4.8,8120,Tiny patches that flatten spots overnight and stop you from picking.,"36 patches, two sizes | Medical-grade hydrocolloid | Invisible edges | Fragrance free",Bestseller,bottle,180,"A sheet of small round clear hydrocolloid spot patches, partly peeled.",
glow-sheet-mask-5-pack,Glow Sheet Mask (5-Pack),Dewdrop,beauty,14.00,18.00,4.5,3240,Five soaked sheet masks for a 15-minute face that looks eight hours rested.,Five single-use masks | Hyaluronic acid and niacinamide | Soft cellulose sheet | For all skin types,,bottle,200,"Five foil sheet mask sachets in pastel colours fanned out, no text.",
rollerball-perfume-mini,Rollerball Perfume Mini,Maison Virelle,beauty,16.00,,4.6,2760,A pocket-sized rollerball of vanilla and pear for touch-ups anywhere.,"0.3 fl oz / 10 mL | Vanilla, pear, musk | Leak-proof rollerball | Fits in any pocket",,bottle,35,A small slim glass rollerball perfume bottle with pale gold liquid and a gold cap.,
lash-curler,Lash Curler,Stave Cosmetics,beauty,10.00,,4.6,2030,"A lash curler that curls lashes, not eyelids.",Wide curve fits most eyes | Soft silicone pad plus refill | Stainless steel | Rose gold finish,,bottle,20,A rose gold eyelash curler with a soft silicone pad.,
jelly-nail-polish-trio,Jelly Nail Polish Trio,Petal Form,beauty,15.00,,4.5,1470,Three sheer jelly shades for nails that look like boiled sweets.,"3 x 0.27 fl oz | Sheer jelly finish | Quick dry, chip resistant | 10-free formula",,bottle,300,"Three small nail polish bottles with sheer jelly colours in raspberry, lilac and mint, lined up.",
fluffy-brow-gel,Fluffy Brow Gel,Stave Cosmetics,beauty,10.00,,4.6,3380,A clear brow gel that holds brows up all day without the crunch.,"0.2 fl oz / 6 mL | Clear, flexible hold | Tiny spoolie brush | Vegan",,bottle,30,A small clear brow gel tube with a black cap and a tiny spoolie wand beside it.,
coconut-body-mist,Coconut Body Mist,Buttermilk,beauty,14.00,,4.7,4210,A beachy coconut and vanilla mist for smelling like a holiday.,"8 fl oz / 236 mL | Coconut, vanilla, sea salt | Light, fine mist | Vegan",,bottle,40,A tall frosted plastic spray bottle of body mist with milky white liquid and a pale pink pump.,
led-strip-lights-16-ft,LED Strip Lights (16 ft),Bitsy Home,home,18.00,29.00,4.5,5690,16 feet of colour-changing lights to turn any room into a vibe.,16 ft adhesive LED strip | App and remote control | Music sync mode | USB powered,Bestseller,lamp,280,"A bedroom wall edge lit up by a colour-changing LED strip glowing purple and pink, with the coiled strip and small remote.",
frog-squish-plush,Frog Squish Plush,Bitsy Home,home,15.00,,4.9,7420,"A round, squishy frog plush that is legally required to be hugged.",Ultra-soft velour | Squishy polyfibre fill | 12 in tall | Machine washable,Bestseller,plant,100,"A round, extremely squishy pastel green frog plush toy with a tiny smile and small stubby feet, sitting upright.",Size: 8 in | 12 in | 16 in
pocket-pals-blind-box,Pocket Pals Blind Box,Bitsy Home,home,12.00,,4.7,4860,"A mystery mini figure. One of 12. Yes, you'll want them all.",One random figure per box | 12 designs plus a secret one | 2.5 in vinyl figure | Collector card inside,New,plant,330,"A small cute vinyl collectible figure of a round cloud creature with tiny arms, next to its plain pastel box.",
glass-can-cup-with-lid,Glass Can Cup with Lid,Bitsy Home,home,10.00,,4.7,5380,"A can-shaped glass with a bamboo lid and straw, for iced coffee that looks the part.","16 oz borosilicate glass | Bamboo lid, glass straw | Dishwasher safe (glass) | Straw brush included",,mug,30,"A can-shaped clear glass cup filled with iced coffee, with a bamboo lid and a glass straw.",
sunset-projection-lamp,Sunset Projection Lamp,Bitsy Home,home,19.00,26.00,4.4,3120,A lamp that throws a golden-hour glow on your wall whenever you want.,180° rotating head | Four colour filters | USB powered | Remote included,,lamp,25,A small sunset projection lamp on a slim stand casting a large orange-pink circle of light onto a wall.,
mini-waffle-maker,Mini Waffle Maker,Crema Nove,home,20.00,,4.6,4470,A tiny waffle iron for one very satisfying waffle at a time.,4 in non-stick plates | Heats in 3 minutes | Indicator light | Compact storage,,mug,350,A small round mini waffle maker in pastel pink with a golden waffle next to it.,Colour: Pink | Mint | Black
satin-pillowcase,Satin Pillowcase,Threadbare Goods,home,14.00,,4.6,3870,A smooth satin pillowcase that's kinder to your hair and your skin.,Polyester satin | Hidden zip closure | Standard/Queen size | Machine washable,,chair,20,"A champagne satin pillowcase on a pillow on a neatly made bed, with a soft sheen.",Colour: Champagne | Blush | Silver
scented-wax-melts,Scented Wax Melts,Hearthly,home,8.00,,4.7,2940,Six little wax cubes of fresh laundry scent for your warmer.,Six soy wax cubes | Clean linen and cotton | Around 8 hours each | Phthalate free,,candle,200,"A clamshell pack of six small pastel blue scented wax melt cubes, one cube broken off.",
braided-usb-c-cables-2-pack,Braided USB-C Cables (2-Pack),Voltwell,tech,12.00,18.00,4.7,6250,Two braided cables long enough to reach the bed from the socket.,"6 ft braided nylon | 60W fast charging | USB-C to USB-C | 10,000+ bend tested",Bestseller,keyboard,200,Two coiled braided USB-C charging cables in white and lilac.,
clear-phone-case,Clear Phone Case,Voltwell,tech,15.00,,4.5,5120,A clear case that shows off your phone and survives your clumsiest days.,Shock-absorbing corners | Anti-yellowing TPU | Raised camera lip | Wireless charging compatible,,keyboard,190,"A clear transparent smartphone case with shock-absorbing corners, empty.",
pop-out-phone-grip,Pop-Out Phone Grip,Voltwell,tech,9.00,,4.6,3690,"A collapsible grip and stand for selfies, scrolling and propping up videos.",Collapsible accordion design | Doubles as a stand | Reusable adhesive | Several colours,,keyboard,100,"A round collapsible phone grip in marbled green, shown both popped out and flat.",
mini-handheld-fan,Mini Handheld Fan,Zapio,tech,14.00,,4.5,4380,"A tiny rechargeable fan for commutes, queues and hot flushes.",Three speeds | USB-C rechargeable | Up to 8 hours | Foldable desk stand,,speaker,190,"A small pastel blue handheld fan with a round grille, folded into its desk-stand position.",Colour: Blue | Pink | White
clip-on-ring-light,Clip-On Ring Light,Zapio,tech,18.00,,4.4,2210,A clip-on ring light for video calls where you look well rested.,Three colour temperatures | Ten brightness levels | Clips onto phones and laptops | Rechargeable,,lamp,0,"A small round clip-on LED ring light glowing white, clipped to the top of a laptop screen.",
buds-lite-wireless-earbuds,Buds Lite Wireless Earbuds,Zapio,tech,24.00,35.00,4.3,5470,Budget earbuds that sound better than their price and survive the gym.,"Bluetooth 5.3 | 6h buds, 30h with case | IPX5 sweat resistant | Touch controls",,headphones,330,A pair of small matte lilac wireless earbuds in an oval lilac charging case with the lid open.,
shower-speaker,Shower Speaker,Zapio,tech,19.00,,4.5,3060,A waterproof suction-cup speaker so you can sing in the shower with backing.,IPX7 waterproof | Strong suction cup | 10-hour battery | Built-in mic for calls,,speaker,170,"A small round waterproof shower speaker in teal with a suction cup, stuck to white bathroom tiles.",
smart-plugs-2-pack,Smart Plugs (2-Pack),Brightlane,tech,22.00,,4.6,2640,Two plugs that let you switch anything off from bed.,"Wi-Fi, no hub needed | App, voice and schedules | Energy monitoring | Compact design",,keyboard,200,"Two compact white smart plugs with a small indicator light, one plugged into a wall socket.",
wide-leg-cargo-jeans,Wide-Leg Cargo Jeans,Loosecut,fashion,59.00,79.00,4.6,2840,Baggy cargo jeans with pockets for everything you'd normally put in a bag.,"100% cotton denim | Relaxed wide leg | Six pockets, including two cargo | Mid-rise, button fly",Bestseller,jacket,215,A pair of baggy wide-leg cargo jeans in light washed blue denim with large side cargo pockets.,Waist: 24 | 26 | 28 | 30 | 32 | 34 | 36
oversized-crewneck-sweatshirt,Oversized Crewneck Sweatshirt,Loosecut,fashion,45.00,,4.7,3310,A heavyweight crewneck that fits like you stole it from someone taller.,"380gsm brushed fleece | Oversized fit, dropped shoulder | Ribbed cuffs and hem | Garment dyed",,jacket,100,"An oversized heavyweight crewneck sweatshirt in faded sage green with ribbed cuffs, no print.",Size: XS | S | M | L | XL
pleated-tennis-skirt,Pleated Tennis Skirt,Tenpace,fashion,38.00,,4.5,1970,"A pleated skort with built-in shorts, for courts you'll never play on.","Recycled polyester, stretch | Built-in shorts with phone pocket | Knife pleats | Quick dry",,jacket,0,A crisp white pleated tennis skirt with a smooth waistband.,Size: XS | S | M | L | XL
nylon-puffer-vest,Nylon Puffer Vest,Northbranch,fashion,69.00,89.00,4.6,1420,A light puffer vest that makes any hoodie look like a plan.,Recycled nylon shell | Synthetic down fill | Packs into its own pocket | Two zip hand pockets,,jacket,30,A glossy nylon puffer vest in chocolate brown with horizontal baffles and a stand collar.,Size: XS | S | M | L | XL
satin-slip-skirt,Satin Slip Skirt,Aurée,fashion,49.00,,4.6,1580,A bias-cut satin midi skirt that works with trainers or heels.,"Satin-finish viscose | Bias cut, midi length | Elastic waist | Machine wash cold",,jacket,40,A bias-cut champagne satin midi slip skirt with a soft drape and subtle sheen.,Size: XS | S | M | L | XL
chunky-knit-cardigan,Chunky Knit Cardigan,Fjelde,fashion,65.00,,4.7,1230,A slouchy cable-knit cardigan for weekends that don't involve plans.,Wool-blend chunky yarn | Cable knit front | Oversized buttons | Two patch pockets,Staff pick,jacket,35,An oversized chunky cable-knit cardigan in cream with large wooden buttons.,Size: XS | S | M | L | XL
straight-leg-vintage-jeans,Straight-Leg Vintage Jeans,Brevik,fashion,55.00,,4.5,2690,High-waisted straight jeans in a wash that looks properly lived in.,"100% rigid cotton | High rise, straight leg | Vintage mid-blue wash | Five-pocket design",,jacket,215,"A pair of high-waisted straight-leg jeans in a vintage mid-blue wash, folded at the hem.",Waist: 24 | 26 | 28 | 30 | 32 | 34 | 36
flare-yoga-leggings,Flare Yoga Leggings,Tenpace,fashion,42.00,,4.6,3740,Buttery-soft flared leggings that go from yoga to errands to the sofa.,"Buttery-soft stretch fabric | High, crossover waistband | Flared leg | Squat-proof",Bestseller,jacket,280,A pair of flared yoga leggings in dusty purple with a crossover high waistband.,Size: XS | S | M | L | XL
platform-canvas-sneaker,Platform Canvas Sneaker,Tenpace,fashion,49.00,65.00,4.5,2210,Low-top canvas sneakers on a chunky platform for an extra inch of confidence.,Cotton canvas upper | 1.5 in platform rubber sole | Cushioned insole | Metal eyelets,,sneaker,45,A low-top canvas sneaker in butter yellow on a thick wavy white platform sole with matching laces.,EU size: 36 | 37 | 38 | 39 | 40 | 41 | 42 | 43 | 44 | 45
cropped-utility-jacket,Cropped Utility Jacket,Brevik,fashion,79.00,,4.5,860,A boxy cropped jacket with big pockets and a little workwear swagger.,"Cotton twill | Cropped, boxy fit | Four flap pockets | Snap front",,jacket,90,A cropped boxy utility jacket in olive cotton twill with four flap pockets and snap buttons.,Size: XS | S | M | L | XL
mesh-ballet-flats,Mesh Ballet Flats,Aurée,fashion,59.00,,4.4,1320,"Sheer mesh ballet flats with a skinny strap, very this year.","Mesh upper, leather trim | Thin ankle strap | Padded footbed | Flexible rubber sole",New,sneaker,0,A pair of sheer black mesh ballet flats with a thin strap and small round toe.,EU size: 36 | 37 | 38 | 39 | 40 | 41 | 42 | 43 | 44 | 45
striped-rugby-shirt,Striped Rugby Shirt,Castell Row,fashion,55.00,,4.6,940,A heavy cotton rugby shirt with bold stripes and a white collar.,Heavyweight cotton jersey | Woven white collar | Rubber buttons | Relaxed fit,,jacket,210,A long-sleeve rugby shirt with wide navy and green horizontal stripes and a white collar.,Size: XS | S | M | L | XL
cat-eye-sunglasses,Cat-Eye Sunglasses,Brevik,accessories,29.00,,4.5,3120,Sharp cat-eye frames that make any errand feel like an entrance.,Acetate-look frame | UV400 lenses | Spring hinges | Case included,,sunglasses,25,A pair of angular cat-eye sunglasses with a tortoiseshell frame and dark brown lenses.,
nylon-belt-bag,Nylon Belt Bag,Dryward,accessories,35.00,,4.7,4480,"A small belt bag you'll wear crossbody, like everyone else.",Water-resistant nylon | Adjustable strap | Two zip compartments | 8 x 5 in,Bestseller,tote,150,A small nylon belt bag in teal with a black adjustable strap and zip front.,Colour: Teal | Black | Sand
layered-gold-necklace-set,Layered Gold Necklace Set,Oro Nove,accessories,32.00,42.00,4.6,2370,"Three dainty chains to layer, so it looks like you planned it.","18k gold plated brass | Three chains: 16, 18, 20 in | Lobster clasps | Tarnish resistant",,watch,45,"Three dainty layered gold necklaces: a thin chain, a paperclip chain and a small coin pendant, laid out together.",
pearl-drop-earrings,Pearl Drop Earrings,Oro Nove,accessories,28.00,,4.7,1890,Freshwater pearls on small gold hoops. Instant 'put together'.,Freshwater pearls | Gold-plated sterling silver hoops | 12mm hoop | Nickel free,,watch,40,A pair of small gold hoop earrings each with a single white freshwater pearl drop.,
silk-hair-scarf,Silk Hair Scarf,Aurée,accessories,22.00,,4.5,870,"A small silk square for your hair, your bag handle or your neck.",100% mulberry silk | Hand-rolled edges | 21 x 21 in | Printed pattern,,tote,20,"A small square silk scarf with a bold orange and pink abstract floral print, loosely folded.",
everyday-shoulder-bag,Everyday Shoulder Bag,Vionne,accessories,89.00,119.00,4.6,2140,A slouchy shoulder bag that fits a laptop and still looks like a nice bag.,Soft vegan leather | Magnetic snap closure | Inner zip pocket | 13 x 10 x 4 in,,tote,25,A slouchy soft vegan leather shoulder bag in chocolate brown with a short wide strap.,Colour: Chocolate | Black | Taupe
quilted-puffer-tote,Quilted Puffer Tote,Dryward,accessories,49.00,,4.6,1760,A padded nylon tote that feels like carrying a small cloud.,Quilted recycled nylon | Padded laptop sleeve | Magnetic closure | 15 x 12 x 5 in,New,tote,200,A puffy quilted nylon tote bag in powder blue with short padded handles.,
minimal-mesh-watch,Minimal Mesh Watch,Castell Row,accessories,69.00,89.00,4.5,1650,A slim watch on a mesh strap that goes with everything you own.,36mm stainless steel case | Japanese quartz | Mesh strap with sliding clasp | Water resistant to 30m,,watch,45,"A slim minimalist watch with a plain champagne dial and no markings, on a gold-tone mesh strap.",
gold-signet-ring,Gold Signet Ring,Oro Nove,accessories,39.00,,4.6,1120,"A chunky oval signet ring, polished and plain, ready for your initial.","18k gold vermeil | Oval face, high polish | Solid band | Hypoallergenic",,watch,45,A chunky polished gold signet ring with a smooth oval face.,Size: 5 | 6 | 7 | 8 | 9
chunky-knit-scarf,Chunky Knit Scarf,Fjelde,accessories,32.00,,4.7,1340,A thick ribbed scarf long enough to wrap twice and hide in.,Soft acrylic-wool blend | Chunky rib knit | 78 x 12 in | Hand wash,,tote,0,"A thick chunky ribbed knit scarf in cherry red, loosely coiled.",
padded-laptop-sleeve,Padded Laptop Sleeve,Dryward,accessories,35.00,,4.6,1910,A soft padded sleeve that makes carrying a laptop feel less tragic.,Water-resistant neoprene | Fits 13-14 in laptops | Zip front pocket | Soft fleece lining,,tote,330,"A padded laptop sleeve in lilac neoprene with a zip front pocket, standing upright.",Colour: Lilac | Sage | Black
initial-pendant-necklace,Initial Pendant Necklace,Oro Nove,accessories,36.00,,4.8,2560,"A tiny gold initial on a fine chain. Yours, or someone you like.",18k gold plated sterling silver | 18 in chain with extender | Letters A-Z | Gift box included,,watch,45,"A delicate gold necklace with a small gold disc pendant on a fine chain, with no letter engraving.",Letter: A | B | C | D | E | J | L | M | S
hyaluronic-water-serum,Hyaluronic Water Serum,Sage Theory,beauty,22.00,,4.7,4630,A watery serum that makes dry skin look like it drank eight glasses.,1 fl oz / 30 mL | Five types of hyaluronic acid | Fragrance free | For all skin types,Bestseller,bottle,200,A clear glass dropper bottle with pale blue watery serum and a white dropper cap.,
retinol-night-serum,Retinol Night Serum,Lantern Skin,beauty,34.00,42.00,4.5,2180,A gentle retinol serum for smoother skin while you sleep.,1 fl oz / 30 mL | 0.3% encapsulated retinol | With squalane and ceramides | Use at night,,bottle,270,A frosted violet glass serum bottle with a silver pump.,
lip-liner-duo,Lip Liner Duo,Stave Cosmetics,beauty,18.00,,4.6,1850,"Two creamy liners, one nude, one rosy, for the overlined look.","Two 0.04 oz pencils | Creamy, long-wear formula | Built-in sharpener caps | Vegan",,bottle,20,"Two slim lip liner pencils in warm nude and rosy brown, with sharpened tips.",
cream-blush-stick,Cream Blush Stick,Petal Form,beauty,24.00,,4.7,3290,A cream blush you swipe on with your fingers and look instantly awake.,"0.25 oz stick | Buildable, dewy finish | Cheeks and lips | Fragrance free",,bottle,350,A chunky twist-up cream blush stick in a soft pink shade with the cap off.,Shade: Petal | Berry | Peach
lengthening-mascara,Lengthening Mascara,Stave Cosmetics,beauty,19.00,,4.6,5120,"A tubing mascara that lengthens, doesn't flake and comes off with warm water.",0.3 fl oz / 9 mL | Tubing formula | Slim precision brush | Smudge proof,Bestseller,bottle,0,A slim matte black mascara tube with the wand pulled out beside it.,
tinted-moisturizer-spf-30,Tinted Moisturizer SPF 30,Sollye,beauty,32.00,,4.5,2470,"Light coverage, SPF 30 and a glow, for skin but better.","1.7 fl oz / 50 mL | SPF 30 broad spectrum | Sheer, dewy coverage | 12 shades",,bottle,30,A soft squeeze tube of tinted moisturizer in beige with a small swatch of product beside it.,Shade: Light | Medium | Tan | Deep
heatless-curling-rod-set,Heatless Curling Rod Set,Otto Botanics,beauty,19.00,,4.4,3860,A satin rod you sleep in and wake up with bouncy curls. No heat.,Satin-wrapped foam rod | Two scrunchies and a clip | Works on damp hair | Overnight wear,,bottle,330,A long satin-wrapped heatless curling rod in lilac with two matching scrunchies.,
cordless-mini-straightener,Cordless Mini Straightener,Novalis Instruments,beauty,49.00,65.00,4.5,1690,A pocket straightener for fringe fixes and flyaways on the go.,Ceramic plates | Three heat settings up to 390°F | USB-C rechargeable | Lockable for travel,,bottle,20,"A compact cordless mini hair straightener in rose-beige with ceramic plates, lying closed.",
silicone-face-cleansing-brush,Silicone Face Cleansing Brush,Novalis Instruments,beauty,39.00,,4.6,2230,A soft silicone brush that makes washing your face feel like a facial.,Soft silicone bristles | Eight speeds | Waterproof | Months per charge,,bottle,180,A small round silicone face cleansing brush in mint green with soft silicone bristles.,
vanilla-body-oil,Vanilla Body Oil,Buttermilk,beauty,28.00,,4.7,1970,A dry body oil that smells like warm vanilla and sinks straight in.,"3.4 fl oz / 100 mL | Jojoba, almond and vanilla | Dry-touch finish | Spray pump",,bottle,35,A tall clear glass bottle of golden body oil with a black spray pump.,
neutral-eyeshadow-palette,Neutral Eyeshadow Palette,Petal Form,beauty,36.00,45.00,4.6,2890,"Twelve wearable neutrals, from office matte to evening shimmer.","12 shades, matte and shimmer | Mirror inside the lid | Highly pigmented | Vegan",,bottle,25,"An open compact eyeshadow palette with twelve neutral matte and shimmer shades in taupe, bronze and rose.",
gel-nail-starter-kit,Gel Nail Starter Kit,Petal Form,beauty,55.00,,4.4,1540,A mini LED lamp and gel polishes for a salon manicure at the kitchen table.,"Mini LED curing lamp | Four gel colours, base and top coat | Files and cuticle pusher | Lasts up to two weeks",,bottle,340,A compact white mini LED nail lamp with a few small gel polish bottles in pink and red beside it.,
weighted-blanket-15-lb,Weighted Blanket 15 lb,Threadbare Goods,home,79.00,99.00,4.7,3380,"A heavy, calming blanket that makes lying down feel like a hug.","15 lb, glass bead fill | Removable minky cover | 48 x 72 in | Machine washable cover",Bestseller,chair,220,A folded grey weighted blanket with a soft minky cover on a sofa.,Weight: 10 lb | 15 lb | 20 lb
wavy-bath-mat,Wavy Bath Mat,Cove Home,home,29.00,,4.6,2140,A plush wavy bath mat that makes a small bathroom look designed.,Tufted cotton | Non-slip backing | 20 x 32 in | Machine washable,,chair,30,A plush tufted bath mat with a wavy pattern in cream and terracotta on a bathroom floor.,
compact-air-fryer-4-qt,Compact Air Fryer 4 qt,HeatCycle,home,89.00,119.00,4.7,5620,"Crispy fries in 15 minutes and a lot less oil. Also, chicken wings.",4 qt nonstick basket | Six presets | Up to 400°F | Dishwasher-safe basket,Bestseller,mug,0,A compact rounded air fryer in matte cream with a pull-out basket and a simple dial.,Colour: Cream | Black | Sage
electric-milk-frother,Electric Milk Frother,Crema Nove,home,19.00,,4.6,4230,"Café foam in 20 seconds, for coffee that feels like an outing.",Stainless steel whisk | Battery powered | Stand included | Works with dairy and oat milk,,mug,30,A slim handheld milk frother wand in brushed stainless steel next to a cup of foamy latte.,
wavy-wall-mirror,Wavy Wall Mirror,Studio Ferro,home,69.00,,4.5,1280,A squiggly-edged mirror that turns any hallway into a photo spot.,Frameless wavy edge | 24 x 36 in | Hanging hardware included | Shatter-resistant backing,New,lamp,200,"A frameless wall mirror with a wavy, organic outline hanging on a painted wall.",
rattan-pendant-shade,Rattan Pendant Shade,Fieldgrain,home,55.00,,4.6,980,A handwoven rattan shade that throws the nicest patterned shadows.,Handwoven natural rattan | 16 in diameter | Fits standard pendant kits | Bulb not included,,lamp,35,A round handwoven rattan pendant lamp shade hanging over a wooden table.,
ceramic-planter-trio,Ceramic Planter Trio,Morrow Ceramics,home,32.00,,4.7,1560,"Three glazed planters in three sizes, for plants you'll definitely keep alive.","Glazed stoneware | Drainage holes and saucers | 4, 5 and 6 in | Indoor use",,plant,100,"Three glazed ceramic planters in speckled green, cream and blush, each holding a small leafy plant.",
cordless-table-lamp,Cordless Table Lamp,Lumo Glass,home,45.00,,4.6,2090,"A rechargeable lamp you can carry to the balcony, bath or dinner table.","Touch dimmer, three brightness levels | USB-C rechargeable | Up to 24 hours | Aluminium body",,lamp,25,"A small cordless mushroom-dome table lamp in glossy orange aluminium, softly glowing.",Colour: Orange | White | Black
glass-food-storage-set,Glass Food Storage Set,Cove Home,home,39.00,49.00,4.7,3240,Ten glass containers that go from fridge to oven to desk lunch.,10 borosilicate containers | Locking bamboo lids | Oven and microwave safe (glass) | Stackable,,mug,180,"A stack of clear glass food storage containers with bamboo lids, some filled with colourful salads.",
aroma-diffuser-humidifier,Aroma Diffuser Humidifier,Hearthly,home,35.00,,4.5,2780,A quiet diffuser that makes a room smell nice and glow a little.,300 mL tank | Mist and light timer | Auto shut-off | Whisper-quiet,,candle,30,A small ceramic-look aroma diffuser in speckled white with a wisp of mist rising from the top.,
boucle-cushions-2-pack,Bouclé Cushions (2-Pack),Threadbare Goods,home,39.00,,4.6,1470,Two nubbly bouclé cushions that make any sofa look more expensive.,"Bouclé covers, hidden zips | Feather-blend inserts | 18 x 18 in | Covers dry clean",,chair,35,Two square cream bouclé cushions on a light sofa.,Colour: Cream | Oat | Sage
skincare-mini-fridge,Skincare Mini Fridge,Bitsy Home,home,59.00,75.00,4.5,2310,"A tiny fridge for serums, sheet masks and a single emergency drink.",4 L capacity | Cools and warms | Mirror door with LED ring | Quiet thermoelectric,New,mug,330,A small cube-shaped mini fridge in pastel pink with a glass door showing skincare bottles inside.,
kallo-band-fitness-tracker,Kallo Band Fitness Tracker,Kallo,tech,49.00,69.00,4.5,3960,"A slim tracker for steps, sleep and a gentle nudge to stand up.","1.1 in AMOLED display | Heart rate, sleep, SpO2 | 14-day battery | Water resistant to 50m",Bestseller,watch,200,A slim fitness tracker band with a small rectangular dark display on a lilac silicone strap.,Colour: Lilac | Black | Mint
voltwell-wireless-charging-pad,Voltwell Wireless Charging Pad,Voltwell,tech,25.00,,4.6,2870,A slim pad that charges your phone while you pretend not to check it.,15W fast wireless charging | Non-slip fabric top | LED indicator | USB-C cable included,,keyboard,30,A slim round wireless charging pad covered in grey fabric with a small status light.,
sonvik-pebble-speaker,Sonvik Pebble Speaker,Sonvik,tech,35.00,,4.6,3150,"A palm-sized speaker with a loop, surprisingly loud for its size.","5W, surprisingly deep bass | IP67 waterproof | 12-hour battery | Carry loop",,speaker,15,A small pebble-shaped portable speaker in terracotta fabric with a silicone carry loop.,Colour: Terracotta | Sage | Black
keystead-compact-mouse,Keystead Compact Mouse,Keystead,tech,25.00,,4.5,2240,"A small, silent wireless mouse for laptops and tiny desks.",Silent clicks | Bluetooth and USB receiver | 18-month battery | Ambidextrous,,keyboard,90,A small smooth wireless mouse in matte mint green.,Colour: Mint | Pink | Graphite
strata-laptop-stand,Strata Laptop Stand,Strata,tech,39.00,,4.7,3420,An aluminium stand that lifts your laptop and your posture.,"Aluminium, folds flat | Six height settings | Fits 10-16 in laptops | Silicone pads",,keyboard,220,A foldable silver aluminium laptop stand holding an open laptop at an angle.,
strata-7-in-1-usb-c-hub,Strata 7-in-1 USB-C Hub,Strata,tech,45.00,,4.5,1980,"HDMI, card reader and more ports, because laptops stopped having them.","4K HDMI | Two USB-A, one USB-C data | SD and microSD readers | 100W passthrough",,keyboard,220,A slim aluminium USB-C hub in space grey with a row of ports and a short cable.,
strata-portable-monitor-15-6,Strata Portable Monitor 15.6,Strata,tech,119.00,149.00,4.4,1170,"A second screen that fits in your laptop bag. Productivity, supposedly.",15.6 in Full HD IPS | Single USB-C connection | Magnetic cover stand | 0.35 in thin,,keyboard,220,"A thin portable 15.6 inch monitor propped next to a laptop on a desk, screens showing abstract colours.",
ninebit-rgb-gaming-mouse,Ninebit RGB Gaming Mouse,Ninebit,tech,49.00,,4.6,2650,A light gaming mouse with a sensor faster than your excuses.,26K DPI sensor | 58g honeycomb shell | Customisable RGB | Six programmable buttons,,keyboard,270,"A lightweight gaming mouse with a honeycomb shell in black, glowing with soft purple and teal RGB light underneath.",
brightlane-stream-stick-4k,Brightlane Stream Stick 4K,Brightlane,tech,39.00,49.00,4.6,4410,Plug it into the TV and every streaming app is suddenly there.,"4K HDR, Dolby sound | Voice remote | Wi-Fi 6 | Plugs into any HDMI port",,keyboard,280,A small streaming stick dongle in black with a slim matching voice remote beside it.,
sonvik-open-ear-sport-buds,Sonvik Open-Ear Sport Buds,Sonvik,tech,79.00,,4.5,1640,Open-ear headphones that stay put and still let you hear traffic.,Open-ear design | Secure ear hooks | 8-hour battery | IP55 sweat resistant,New,headphones,180,"A pair of open-ear sport earphones with flexible ear hooks in bright coral, beside a small charging case.",
keystead-retro-keyboard,Keystead Retro Keyboard,Keystead,tech,69.00,,4.6,1520,A typewriter-style wireless keyboard with round keys and satisfying clicks.,"Round retro keycaps | Bluetooth, three devices | Tactile switches | Built-in tablet stand",,keyboard,40,"A wireless keyboard with round typewriter-style keycaps in cream and pastel blue, with a slot holding a tablet.",
zapio-mini-label-printer,Zapio Mini Label Printer,Zapio,tech,45.00,,4.5,1980,"A tiny label printer for jars, cables and your new organised era.","Thermal printing, no ink | Bluetooth app with fonts | Prints 15mm labels | Rechargeable",,keyboard,330,A compact handheld label printer in pastel blue printing a blank white label strip.,
plumping-lip-gloss,Plumping Lip Gloss,Stave Cosmetics,beauty,16.00,,4.7,3940,A glassy gloss with a cool tingle that makes lips look fuller without the sticky part.,0.15 fl oz / 4.5 mL doe-foot wand | Peptides and hyaluronic acid | Non-sticky glass finish | Six sheer shades,New,bottle,345,"A slim clear tube of glossy pink lip gloss with a rose-gold cap, the doe-foot wand resting beside it with a drop of gloss.",Shade: Bare Pink | Berry | Clear Glass | Peach
liquid-highlighter-drops,Liquid Highlighter Drops,Dewdrop,beauty,20.00,26.00,4.6,2180,Two drops in your moisturiser and you look like you slept eight hours. You did not.,0.5 fl oz / 15 mL dropper bottle | Buildable pearl glow | Mixes into moisturiser or foundation | Vegan and fragrance free,,bottle,40,"A small frosted glass dropper bottle filled with shimmering champagne liquid highlighter, a few glowing drops on the surface beside it.",
under-eye-gel-patches-30-pairs,Under-Eye Gel Patches (30 pairs),Lantern Skin,beauty,18.00,,4.7,5260,Cooling gel patches that de-puff tired eyes while you drink your coffee.,30 pairs in a resealable jar | Caffeine and niacinamide | Keep in the fridge for extra cool | Wear for 15 minutes,Bestseller,mug,200,"A round jar of translucent pink crescent-shaped hydrogel eye patches, lid open, with a small spatula and two patches laid out beside it.",
mini-perfume-discovery-set,Mini Perfume Discovery Set,Maison Virelle,beauty,24.00,32.00,4.6,1730,Five tiny bottles so you can find your signature scent before committing.,"Five 0.07 fl oz / 2 mL vials | Floral, woody, citrus, gourmand, musk | Refillable travel atomiser included | Gift-ready box",,bottle,20,"Five tiny glass perfume vials with gold caps in pale amber, blush and clear liquids, standing in an open cream gift box.",
cuticle-oil-pen,Cuticle Oil Pen,Petal Form,beauty,9.00,,4.5,2310,A click-pen of nourishing oil for nails that look freshly done for longer.,"0.1 fl oz / 3 mL twist pen | Jojoba, vitamin E, sweet almond oil | Soft brush tip | Light peach scent",,bottle,15,"A slim pastel peach click pen with a soft brush tip glistening with oil, lying next to a small bottle of pale nail polish.",
cropped-baby-tee,Cropped Baby Tee,Loosecut,fashion,16.00,,4.6,3120,"A snug, slightly cropped tee that goes with every high-waisted thing you own.",100% cotton rib jersey | Slim cropped fit | Short cap sleeves | Machine wash cold,Bestseller,jacket,10,"A fitted cropped white ribbed cotton t-shirt with short cap sleeves, worn tucked slightly into high-waisted light blue jeans.",Size: XS | S | M | L | XL
high-waist-bike-shorts,High-Waist Bike Shorts,Tenpace,fashion,22.00,28.00,4.7,2870,Buttery bike shorts with a waistband that stays put through errands and spin class.,Brushed nylon-spandex | High-rise wide waistband | 6 in inseam | Hidden waistband pocket,,jacket,280,"Matte sage green high-waisted bike shorts with a wide smooth waistband, worn with a white cropped t-shirt.",Size: XS | S | M | L | XL
striped-pyjama-shorts-set,Striped Pyjama Shorts Set,Snugly,fashion,24.00,,4.8,1940,A crisp striped shirt and shorts set that makes staying in feel like a plan.,Cotton poplin | Short-sleeve camp collar shirt | Elastic drawstring shorts | Contrast piping,New,jacket,210,A blue and white striped cotton pyjama set with a short-sleeve camp collar shirt and matching drawstring shorts with white piping.,Size: XS | S | M | L | XL
fuzzy-house-slippers,Fuzzy House Slippers,Snugly,fashion,22.00,,4.7,4410,Fluffy open-toe slippers that feel like stepping onto a cloud at 7am.,Faux fur upper | Memory foam footbed | Non-slip rubber sole | Machine washable,Bestseller,sneaker,30,"A pair of fluffy cream faux fur open-toe slide slippers with a thick cushioned sole, worn on bare feet on a wooden floor.",Size: 5-6 | 7-8 | 9-10 | 11-12
ribbed-long-sleeve-top,Ribbed Long-Sleeve Top,Loosecut,fashion,19.00,,4.5,1680,"A slim ribbed layering top that works under blazers, overalls and everything else.",Cotton-modal rib | Slim fit | Crew neck | Machine wash cold,,jacket,0,"A slim fitted chocolate brown ribbed long-sleeve crew neck top, worn tucked into cream wide-leg trousers.",Size: XS | S | M | L | XL
pearl-hair-clip-set,Pearl Hair Clip Set,Clipsy,accessories,12.00,,4.6,3570,Six pearly clips that make a lazy bun look intentional.,Six clips in three sizes | Faux pearl and gold-tone metal | Snap and slide styles | Gift pouch included,,tote,40,"A set of six gold-tone hair clips and barrettes studded with small faux pearls, arranged neatly on a cream satin cloth.",
stacking-ring-set,Stacking Ring Set (5),Oro Nove,accessories,14.00,20.00,4.5,2640,"Five slim rings in mixed textures so you can stack, split and share.","Five rings: plain, twisted, beaded, dotted, open | 18k gold-plated brass | Tarnish-resistant coating | Sizes 5 to 9",,watch,45,"Five thin gold stacking rings in mixed textures, twisted, beaded and plain, stacked on a finger and fanned out on a small ceramic dish.",Size: 5 | 6 | 7 | 8 | 9
pastel-heart-sunglasses,Pastel Heart Sunglasses,Dryward,accessories,16.00,,4.4,1920,Heart-shaped frames for summer photos and not taking yourself too seriously.,Lightweight acetate-look frame | UV400 tinted lenses | Soft carry pouch | One size,New,sunglasses,330,"Heart-shaped sunglasses with a glossy pastel pink frame and gradient rose-tinted lenses, lying on a striped beach towel.",
axolotl-cuddle-plush,Axolotl Cuddle Plush,Bitsy Home,home,16.00,,4.9,5980,"A smiley pink axolotl plush, frog's new best friend and just as squishy.",Ultra-soft velour | Squishy polyfibre fill | 10 in long | Machine washable,New,plant,330,"A round squishy pastel pink axolotl plush toy with frilly gills, a tiny smile and stubby legs, lying on a bed.",Size: 8 in | 12 in | 16 in
cloud-night-light,Cloud Night Light,Bitsy Home,home,18.00,24.00,4.7,3480,A soft glowing cloud that makes any room feel ten percent calmer.,"Silicone cloud shade | Warm white and 7 colours | Tap to dim | USB-C rechargeable, 12 h",,lamp,210,"A soft squishy white silicone cloud-shaped night light glowing warm white, sitting on a bedside table.",
matcha-whisk-set,Matcha Whisk Set,Morrow Ceramics,home,22.00,,4.7,2150,"Everything you need for a proper frothy matcha, minus the café queue.",Glazed stoneware bowl with spout | 100-prong bamboo whisk | Ceramic whisk holder | Bamboo scoop,,mug,120,"A pale sage green stoneware matcha bowl with frothy bright green matcha, a bamboo whisk on a ceramic holder and a bamboo scoop.",
checkered-ceramic-mug,Checkered Ceramic Mug,Morrow Ceramics,home,14.00,,4.6,2760,A chunky hand-glazed checkerboard mug that makes weekday coffee a small event.,14 oz stoneware | Hand-painted checker glaze | Dishwasher and microwave safe | Each one slightly different,,mug,45,"A chunky handmade ceramic mug with a wobbly hand-painted pastel yellow and cream checkerboard pattern, filled with coffee.",Colour: Butter | Lilac | Sage
retro-handheld-game-keychain,Retro Handheld Game Keychain,Ninebit,tech,19.00,,4.6,3390,A tiny handheld with 26 built-in pixel games that clips onto your keys.,26 original built-in games | 1.3 in colour screen | USB-C rechargeable | Keychain clip included,Bestseller,keyboard,170,"A tiny pastel mint handheld game console keychain with a small colourful pixel-art screen, a d-pad and two round buttons, on a metal key ring.",
phone-tripod-with-remote,Phone Tripod with Remote,Zapio,tech,22.00,29.00,4.5,2980,"A bendy tripod with a Bluetooth remote, for outfit photos without asking a stranger.",Extends to 42 in | Bendable legs wrap round poles | Detachable Bluetooth remote | Fits phones up to 3.5 in wide,,camera,220,"A slim black extendable phone tripod with a phone mount and a small detachable remote, standing on a café table.",
mini-karaoke-microphone,Mini Karaoke Microphone,Sonvik,tech,24.00,,4.5,2410,A wireless mic with a built-in speaker and voice effects for spontaneous living-room concerts.,"Built-in 5W speaker | Bluetooth, works with any karaoke app | Echo and voice-change modes | 6 h battery",,speaker,300,A handheld wireless karaoke microphone in pastel lilac with a metallic mesh head and a colourful LED ring around the grip.,
